T,OTU,Replicate,n0_factor,status,tau,frac_thermally_settled
22,1,R1,0.9906665477712915,ok,10.907916363437444,0.9666667382515624
22,1,R2,0.9811064371909376,ok,18.31206703193312,0.9715752131530577
22,1,R3,0.9807783976131746,ok,19.204166929385273,0.9893338618407351
22,1,R4,0.9824082921789841,ok,18.490734257993818,0.9846257932119904
22,1,R5,0.9829981503505204,ok,16.867094034892887,0.9897138724119168
22,2,R1,0.989095457377382,ok,10.187970895187084,0.9981665378519247
22,2,R2,0.9751584214836609,ok,19.134159196911998,0.9757925233145746
22,2,R3,0.9620042327879791,ok,28.122159534422625,0.9310275301341018
22,2,R4,0.974847386197046,ok,25.259161374558484,0.9490615703175387
22,2,R5,0.9824155753945079,ok,16.815083447570785,0.9644313380784981
22,3,R1,0.9867128130550008,ok,14.076926858415534,0.9826867480728687
22,3,R2,0.982940320812672,ok,17.916908894797476,0.9706186209551615
22,3,R3,0.9839610621591084,ok,17.756796018303046,0.9863130808999968
22,3,R4,0.9847900151094865,ok,17.01941618042303,0.978310320206552
22,3,R5,0.9827499001657961,ok,18.58181721648324,0.9892334523321326
22,4,R1,0.9917450450216541,ok,12.293419686217286,0.9830137482513384
22,4,R2,0.988845625124169,ok,16.90407245664126,0.9615950744788585
22,4,R3,0.9920158232002028,ok,14.007129114145272,0.9386669040955229
22,4,R4,0.9862980350532159,ok,19.352946291862835,0.9783779475808905
22,4,R5,0.9899032868058144,ok,15.463469029270263,0.9861719687342066
22,5,R1,0.9888578167690345,ok,16.203469566576665,0.9722814055511471
22,5,R2,0.9878472975980296,ok,18.991510763340653,0.9724314096435875
22,5,R3,0.9867837972059116,ok,20.864230985057727,0.9654245017112408
22,5,R4,0.9908421225886659,ok,23.03544967274893,0.9617852466267592
22,5,R5,0.9922736063053313,ok,16.90829014229017,0.9678127295862134
22,6,R1,0.9958091809722202,ok,8.55309515591486,0.9993748045738521
22,6,R2,0.9933899987360948,ok,11.644393152195507,0.9919151983007181
22,6,R3,0.9905294901134372,ok,14.637709646758108,0.9883709471620045
22,6,R4,0.9902441393417498,ok,17.806117543065376,0.9836077512222218
22,6,R5,0.9936687188074678,ok,14.125800258122153,0.9919978502051279
22,7,R2,0.9808795955926312,ok,18.37801493709054,0.8671741479292016
22,7,R3,0.9742774772345713,ok,24.380106229333162,0.8719012887439145
22,7,R4,0.979712984387243,ok,30.698581926207453,0.6707047436702344
22,8,R1,0.9910180862246953,ok,10.928270214462925,0.9897905353510646
22,8,R2,0.9868680559658164,ok,17.053664213154303,0.9555637782323753
22,8,R3,0.9844753561797775,ok,18.128311937740047,0.9573737710114635
22,8,R4,0.9851396600789204,ok,17.358161394807887,0.9722169406707952
22,8,R5,0.9852902443710334,ok,15.125995688900995,0.97011840984951
22,9,R1,0.9916459156504923,ok,8.746654444808653,0.9856157551720526
22,9,R2,0.9875083194506475,ok,13.94321262924377,0.9778142379066771
22,9,R3,0.9835971011211619,ok,17.452619935028483,0.9549427388097942
22,9,R4,0.9856301921376912,ok,15.157207773891908,0.9656561853855118
22,9,R5,0.9836025186219572,ok,18.367677969390883,0.9444764429586395
22,10,R3,0.9862529864675005,ok,15.114208533142158,0.9141062244850262
22,11,R1,0.9754700662235061,ok,41.470727157991725,0.5498405180305765
22,11,R2,0.9880343320003488,ok,16.93782045996574,0.6742906937513731
22,11,R3,0.9802354945004778,ok,18.304195397920587,0.8752557973965396
22,11,R4,0.9876903546617992,ok,11.14907447374963,0.9671999100103122
22,11,R5,0.9842382355932879,ok,13.452135993067706,0.9316824567397931
22,12,R1,0.9866710668983987,ok,21.670945143808535,0.6026328762905093
22,12,R2,0.9938553426709237,ok,5.496857740267248,0.9996720880347099
22,12,R3,0.9850067105326263,ok,20.83559470086082,0.7002088574875235
22,12,R4,0.9849148296325636,ok,11.508241837857904,0.9909922336500386
22,12,R5,0.9919509171672848,ok,8.130728710287993,0.9244374378841148
22,13,R1,0.9925976703903725,ok,16.741411989123733,0.9999179193796476
22,13,R2,0.9867504498404046,ok,18.165456007190212,0.9991939868470201
22,13,R4,0.9867566874784184,ok,22.592405133975063,0.9955431970830243
22,13,R5,0.9832862112274042,ok,20.57444955962496,0.9999888865288356
22,14,R1,0.9950299704828309,ok,15.456142600281412,0.9993857558721637
22,14,R2,0.9893640459892614,ok,26.89274153565365,0.9623602788892717
22,14,R3,0.9868132786108075,ok,27.76748621650662,0.990534735590469
22,14,R4,0.9868028064015697,ok,23.472238143777023,0.9978706712499813
22,14,R5,0.9867508396542646,ok,22.557846429640303,0.9944832395835108
22,15,R1,0.9890620979587446,ok,14.799673251602167,0.9994935096884761
22,15,R2,0.9914486221891828,ok,19.276638058875264,0.9961754838718966
22,15,R3,0.9878745561436028,ok,22.643844690992122,0.9982997992363979
22,15,R4,0.9792287426501121,ok,20.168515942385714,0.9968690329823864
22,15,R5,0.9808979330144812,ok,20.563749051715984,0.996144771415829
22,16,R1,0.9860238263085735,ok,16.159276448923205,0.8993287353578145
22,16,R2,0.9752775040468098,ok,24.233171953070173,0.8568148591466884
22,16,R3,0.986673255145066,ok,14.689595896704862,0.978199819605951
22,16,R4,0.9858429426965639,ok,12.994193792722097,0.971210322529754
22,16,R5,0.986557188063018,ok,14.034072475669754,0.969761159665721
22,17,R1,0.9873019540920313,ok,12.788587578443163,0.990236724289318
22,17,R2,0.9855050245591864,ok,14.50736282777666,0.9926116638049127
22,17,R3,0.9669761523930253,ok,27.39544262861455,0.9821583044725862
22,17,R4,0.9790840150815505,ok,18.933981465894725,0.9625631142632862
22,17,R5,0.9892337872929099,ok,12.122834790819093,0.9875795692628863
22,18,R1,0.9931754998484221,ok,7.5864623078830205,0.9888336296844396
22,18,R2,0.9835454599617044,ok,15.475411862368182,0.9852001027612723
22,18,R3,0.9809755644138144,ok,17.50663537570594,0.9713596457163937
22,18,R4,0.9827027669098178,ok,17.464540097723784,0.9943181411330051
22,18,R5,0.9872533774518991,ok,13.858548764176982,0.9887591906751755
24,1,R1,0.9714243921057512,ok,12.436534159684713,0.9920337075055423
24,1,R2,0.9607150441665706,ok,16.508998445911864,0.9703796258456858
24,1,R3,0.9538186681673863,ok,18.516150801273827,0.9888171565300466
24,1,R4,0.9547659353103318,ok,18.647108958001557,0.9840779758339755
24,1,R5,0.9602725389943011,ok,16.332604346264933,0.9872136647977907
24,2,R1,0.9698164081026904,ok,11.900784174951372,0.9917538029904588
24,2,R2,0.9555772144615304,ok,15.018870954102002,0.9804552673297829
24,2,R3,0.9520812620975714,ok,21.055640625500644,0.9366674336673311
24,2,R4,0.9679160137169928,ok,22.519762635201744,0.9242226728534096
24,2,R5,0.9513702827847598,ok,16.56390689385914,0.961846495095565
24,3,R1,0.9818866365521132,ok,10.5696971228615,0.9920499385279781
24,3,R2,0.9714914797114288,ok,12.942335764296775,0.9923685112700202
24,3,R3,0.969929940628871,ok,16.083514153736907,0.983690636707216
24,3,R4,0.9617698395377738,ok,17.56380715134246,0.9947494967850892
24,3,R5,0.9653783461699186,ok,16.012363472580684,0.9961921685638063
24,4,R1,0.9751964786397711,ok,15.049985671751507,0.9804261064473209
24,4,R2,0.9697503039595965,ok,17.60496362442781,0.9901276345138458
24,4,R3,0.9630380804672651,ok,23.08672881160319,0.964701416884027
24,4,R4,0.9782468880902631,ok,15.044505056131033,0.9839877285763615
24,4,R5,0.9717212520128123,ok,17.812651538987318,0.9659396174053321
24,5,R1,0.9776105640384052,ok,12.549934593108715,0.9865769169535676
24,5,R2,0.9651365148881189,ok,19.995661960748663,0.9872973796810017
24,5,R3,0.9683983655796002,ok,20.63298105280398,0.953255428294192
24,5,R4,0.9606226086272192,ok,24.13792453962212,0.9752659000834281
24,5,R5,0.9751959392015657,ok,18.34298480462143,0.9624434928521286
24,6,R1,0.9836561652295119,ok,10.113063129654893,0.9971310665436903
24,6,R2,0.9854781597107412,ok,10.80652547024534,0.943746711570863
24,6,R3,0.9741285105223654,ok,15.267227368178302,0.9940364099552209
24,6,R4,0.9719659156325726,ok,16.985952136863485,0.9819585348125831
24,6,R5,0.971604643863052,ok,16.347014797629587,0.9952061651953512
24,7,R1,0.9679690141239502,ok,12.494921814050658,0.9858455996361631
24,7,R2,0.9575573405126437,ok,17.16373133589741,0.9139517072778036
24,7,R3,0.9582888907202721,ok,17.83564765334539,0.8750827656759959
24,7,R4,0.9478278292116566,ok,32.5249368709618,0.660123160560472
24,7,R5,0.9571265573155583,ok,18.022835531746185,0.9759736245718608
24,8,R1,0.9703881250034881,ok,14.674698347041943,0.9392348595188317
24,8,R2,0.9646970230264835,ok,15.405704906527035,0.9799122143669254
24,8,R3,0.9517768829257506,ok,22.008937571187488,0.9256479601385111
24,8,R4,0.9501665560778346,ok,24.133731588982236,0.9103249244972348
24,8,R5,0.9576717111630378,ok,20.010135612472578,0.9299574697445456
24,9,R1,0.9731294805251389,ok,11.860875165834535,0.9951483830204305
24,9,R2,0.9691757749678642,ok,13.947268081150414,0.9913175301092229
24,9,R3,0.9638841533791025,ok,17.922992340334602,0.9611180686026107
24,9,R4,0.9617776431236634,ok,16.878776890031094,0.9749053635370502
24,9,R5,0.962405867176849,ok,15.323490367098685,0.9838265894398398
24,10,R1,0.9609682946908242,ok,16.7991350569653,0.9429166415950324
24,10,R2,0.9643319868021863,ok,15.547818403740486,0.9374690154616456
24,10,R3,0.946116099544763,ok,21.443523307331343,0.9685781654731649
24,10,R4,0.9531042559999756,ok,19.91743202418971,0.9733499779870823
24,10,R5,0.9549106689466699,ok,19.431870897879467,0.9780386057329027
24,11,R1,0.9597712556025879,ok,15.124536477604487,0.9920915047016649
24,11,R2,0.9494410892202343,ok,18.099738660771454,0.980430018747519
24,11,R3,0.9579781852259072,ok,17.26350081604229,0.951097553629262
24,11,R4,0.9341604829567305,ok,22.32561686798451,0.958793596068565
24,11,R5,0.9390783828458978,ok,22.118060774753502,0.9541991652280143
24,12,R1,0.9805548118531848,ok,7.536549111139704,0.9990052093437525
24,12,R2,0.9699140069393919,ok,11.32657669208846,0.9982953380904402
24,12,R3,0.9616587933863456,ok,14.197765388453142,0.9964781760465276
24,12,R4,0.9715931431965156,ok,11.668154422991238,0.991104902098737
24,12,R5,0.9515978597752311,ok,20.116832247355845,0.9762022228613214
24,13,R1,0.9890587409263017,ok,20.44918413070554,0.8784784358270862
24,13,R2,0.9762205691091262,ok,15.567055891513949,0.9999127437506343
24,13,R3,0.9555651186574986,ok,19.74832879193793,0.9915626550840652
24,13,R4,0.9721840607301337,ok,22.066415980628392,0.9957304862695681
24,13,R5,0.9851044895303986,ok,18.41804844828625,0.9940238447036492
24,14,R1,0.984706236902638,ok,16.608610887246126,0.9999585553177658
24,14,R2,0.9812297065097445,ok,21.503749168147436,0.9962985240843181
24,14,R3,0.9772955561973268,ok,24.156611178261052,0.9919215614461575
24,14,R4,0.983878020501031,ok,26.771158973792353,0.9957984718545165
24,14,R5,0.9725408591713063,ok,33.15326796610208,0.9985102727666919
24,15,R1,0.9358078060612611,ok,16.0196492913143,0.9818226391824212
24,15,R2,0.9703848485222796,ok,21.01534276071599,0.9965917737765276
24,15,R3,0.941661361570715,ok,25.238851712338622,0.9995355588129932
24,15,R4,0.9484389935451062,ok,22.79955948416223,0.9930830496564512
24,15,R5,0.9662781204830043,ok,20.759264270203712,0.9959570983061656
24,16,R1,0.9858840903313221,ok,5.924433662040775,0.985544667216733
24,16,R2,0.9546039413872458,ok,18.263347357155247,0.9785871519145598
24,16,R3,0.9472209993889039,ok,21.34780026135175,0.9608968316375236
24,16,R4,0.9547988812787622,ok,17.064695981415923,0.9836537418110114
24,16,R5,0.9619905819989064,ok,14.766534404556465,0.9887017804966809
24,17,R1,0.9795004942883087,ok,11.50871898479516,0.9801344465178392
24,17,R2,0.9052502880255138,ok,50.99193931115436,0.8005156496223441
24,17,R3,0.9827142247173449,ok,8.56668515218363,0.9466005464980053
24,17,R4,0.932354102605681,ok,24.336839159309534,0.9764211533648057
24,17,R5,0.9618768610264574,ok,15.298805056536196,0.9910787823301331
24,18,R1,0.970424308177901,ok,12.633258411884116,0.9810456671470227
24,18,R2,0.9734999592967899,ok,13.793488214472237,0.9694121596738169
24,18,R3,0.9668072327014852,ok,16.77981660918,0.9806529619306369
24,18,R4,0.9666320673527247,ok,16.41163383269876,0.9861220421647998
24,18,R5,0.9609531499740211,ok,16.833753518428868,0.9940279454185896
26,1,R1,0.9304892841475572,ok,17.74078007631304,0.9819272910341806
26,1,R2,0.9124962105557419,ok,22.738374277333055,0.9633808717570468
26,1,R3,0.883902936325253,ok,29.254621412324774,0.9152446267850163
26,1,R4,0.9134072886667436,ok,24.65633162015729,0.9370883423796931
26,1,R5,0.9172215961809514,ok,20.69105454640823,0.9760330858399948
26,2,R1,0.8953115019684805,ok,19.17583239988812,0.9729132081096868
26,2,R2,0.9070186495998978,ok,20.321015440386418,0.9454326320265484
26,2,R3,0.8832295978680975,ok,23.936401065816153,0.964934777910101
26,2,R4,0.8763227681216819,ok,25.345895110772425,0.9485399686003948
26,2,R5,0.8918014471204896,ok,21.62535475139864,0.9661194972367388
26,3,R1,0.9612430135320293,ok,10.851029835887891,0.9931650210843462
26,3,R2,0.951441462525807,ok,13.257293835324345,0.9900360701309245
26,3,R3,0.9244298244391521,ok,20.108597604405738,0.9784882042427279
26,3,R4,0.9203049191406163,ok,21.266177763068658,0.9595209319762592
26,3,R5,0.9330847773732094,ok,18.170665805871458,0.969135030762998
26,4,R1,0.9613564247681549,ok,14.117085991993495,0.9901325802528783
26,4,R2,0.9381357480556005,ok,21.370189021515834,0.9831001506488094
26,4,R3,0.9432216937724116,ok,21.326845900951966,0.9691674094583481
26,4,R4,0.9435774708016474,ok,22.598805650820225,0.941624447379582
26,4,R5,0.9515908483957701,ok,16.76317354886776,0.9753886886513937
26,5,R1,0.9573807255245662,ok,12.86281431406459,0.9966231874113223
26,5,R2,0.9349600205279719,ok,20.42406728436948,0.9845716588202108
26,5,R3,0.9210979146010062,ok,24.663161782375756,0.9771525399208283
26,5,R4,0.9219519839149423,ok,23.798972967817015,0.9845206298192068
26,5,R5,0.9402324474531195,ok,17.760134044175906,0.9941135158486893
26,6,R1,0.957214181378455,ok,12.82706828059584,0.996115502906587
26,6,R2,0.9373261681632521,ok,17.988826419524166,0.9952412206986051
26,6,R3,0.9388907576701369,ok,17.896266815559084,0.9963188159350861
26,6,R4,0.9640374843586844,ok,11.413726455665547,0.9960277836811015
26,6,R5,0.9666086475509825,ok,10.384460475607607,0.9927068092881156
26,7,R1,0.9644671831409233,ok,8.175403752283835,0.9879137163976892
26,7,R2,0.9098554526571399,ok,18.990097499974876,0.9724387764167303
26,7,R3,0.9002042553531069,ok,24.542797817929184,0.9173882398245857
26,7,R4,0.8926716775742373,ok,25.756926260176776,0.9416883871979788
26,7,R5,0.9307549158882404,ok,16.79946594763369,0.9767633464413752
26,8,R1,0.9472694046681689,ok,13.646428078457358,0.9953180520207989
26,8,R2,0.9247673998530204,ok,19.36614346569438,0.9597155897359423
26,8,R3,0.9177192474136949,ok,24.659219870876917,0.9395689724633978
26,8,R4,0.960284420254694,ok,14.802803558645449,0.9741310816445653
26,8,R5,0.943212495362498,ok,16.90310186543878,0.984284124310738
26,9,R1,0.9486819150423509,ok,13.976813069883839,0.9855286789425858
26,9,R2,0.944725066306124,ok,14.46129635793737,0.993212256870995
26,9,R3,0.9333429804580844,ok,16.837158541308735,0.9736112524306599
26,9,R4,0.9368268886650121,ok,16.316636065434032,0.9837310350585715
26,9,R5,0.9483587967627406,ok,14.52833034482923,0.9879531538442672
26,10,R1,0.938380188616145,ok,14.533518853798576,0.9965031443652169
26,10,R2,0.9226349142047457,ok,18.795428088021534,0.9898627866322075
26,10,R3,0.9062903237895689,ok,21.650512166828637,0.9753825652983682
26,10,R4,0.9005729392529533,ok,22.521922943541547,0.9792710331075412
26,10,R5,0.9194048470084748,ok,18.076261360574172,0.9874926271531967
26,11,R1,0.9294228318503859,ok,15.053051425062163,0.9927679529045192
26,11,R2,0.9018481080683699,ok,20.69506157269351,0.9792523164735881
26,11,R3,0.8899969101200195,ok,23.637385448621313,0.9771296416463681
26,11,R4,0.9141761809730249,ok,18.205425718714856,0.9863691920905772
26,11,R5,0.9243268143375176,ok,17.6708907398648,0.993613115542768
26,12,R1,0.9397549644803924,ok,13.293593023920064,0.9945137765630849
26,12,R2,0.9173181638191413,ok,16.351245951358692,0.9910968732850368
26,12,R3,0.9413870074383527,ok,14.221587989511631,0.9984816532099591
26,12,R4,0.9200427399180758,ok,16.87897440045698,0.9883825499481479
26,12,R5,0.9345712451945744,ok,15.033630624784413,0.9689518219111003
26,13,R1,0.9485431035532218,ok,18.085598490005548,0.9990256048932316
26,13,R2,0.940832458497497,ok,22.70360880372183,0.9967967209425433
26,13,R3,0.9532968485436625,ok,18.80455367163766,0.9859470706661077
26,13,R4,0.9153150905840799,ok,24.9774740251494,0.9933989310940289
26,13,R5,0.938336562701492,ok,19.63444705382224,0.998479317868747
26,14,R1,0.959657882550955,ok,20.212178434543436,0.9999272810505709
26,14,R2,0.9873433870001107,ok,21.35021116122713,0.9823572579234092
26,14,R3,0.9272117202512334,ok,25.554970128560758,0.9923107928463344
26,14,R4,0.9215100108405256,ok,25.58371294261582,0.9998636374854731
26,14,R5,0.9581118694687923,ok,20.842346557363783,0.9977851165515069
26,15,R1,0.9470957618318772,ok,15.748092370046775,0.9995761029676541
26,15,R2,0.9411499658122016,ok,20.32663796887486,0.9976907938472258
26,15,R3,0.9074042988069299,ok,21.53821815290934,0.9974239445274373
26,15,R4,0.9497577990892383,ok,20.422393517903558,0.9978457625383441
26,15,R5,0.9710175757114559,ok,16.95451856473485,0.9993864558788084
26,16,R1,0.9370263921051586,ok,16.360813933613844,0.9910722569064628
26,16,R2,0.916740579370887,ok,20.754728750293715,0.96763065704538
26,16,R3,0.8973179470935858,ok,24.89374222121834,0.9403932119038217
26,16,R4,0.9224212434359751,ok,19.634964294599644,0.9719917111589367
26,16,R5,0.9369315704944585,ok,13.977078953742422,0.9946845934324884
26,17,R1,0.9397060410985905,ok,14.339660760627918,0.9925199312960095
26,17,R2,0.9067501226981832,ok,20.579449212675502,0.9728271963785912
26,17,R3,0.8957677067412778,ok,24.55848964933053,0.9550766095256258
26,17,R4,0.8994847060914801,ok,24.322318286092916,0.9614680898519009
26,17,R5,0.9229324266951181,ok,17.61670567080457,0.9843165129828011
26,18,R1,0.9349898189840415,ok,14.393895217035718,0.9959227505685038
26,18,R2,0.9343313432330438,ok,17.532821765672093,0.9817560015148815
26,18,R3,0.9315177247294666,ok,17.721471462557595,0.9809615819278146
26,18,R4,0.9328748003488535,ok,18.122813759326593,0.9823868216555618
26,18,R5,0.9352958470515678,ok,16.551079972913776,0.9856127814706018
28,1,R1,0.9028768247212681,ok,16.531073306655806,0.9856864440830577
28,1,R2,0.9092071598489393,ok,15.85652731023294,0.977409757654384
28,1,R3,0.8348725659326977,ok,26.451650033437847,0.9727526720834013
28,1,R4,0.8623387506708299,ok,23.089149424501223,0.9727696796818242
28,1,R5,0.8976249448379435,ok,17.5214994278793,0.9870795360200292
28,2,R1,0.88351801397018,ok,15.140812504859404,0.9903081997750262
28,2,R2,0.7890925558821899,ok,21.510422039750758,0.9781029510811964
28,2,R3,0.8129823087052869,ok,25.06527707577255,0.9521680831279228
28,2,R5,0.8755666468617167,ok,19.30180332873704,0.9807032319830493
28,3,R1,0.9101306990948733,ok,13.837657614422245,0.9932677534572485
28,3,R2,0.9122021425358297,ok,17.855573242044745,0.979256880009297
28,3,R3,0.9298649038071336,ok,13.679044198180906,0.9504412226034301
28,3,R4,0.8983694121368105,ok,17.13841028910484,0.9941793012148566
28,3,R5,0.9412039912675205,ok,10.754744260548303,0.9862467532487861
28,4,R1,0.932535858357001,ok,14.204492016505922,0.9937980971458519
28,4,R2,0.9314847562856113,ok,15.562995451486568,0.9690751296130695
28,4,R3,0.9007800348067295,ok,22.61628880809984,0.9440265571772924
28,4,R4,0.8756846855842572,ok,23.079014437989468,0.9824488119062935
28,4,R5,0.929615296154911,ok,15.696102289393675,0.9870288516948121
28,5,R1,0.9209988077274935,ok,14.243881258732898,0.9916710744630642
28,5,R2,0.9071680308465339,ok,19.402709057814263,0.9717457749651651
28,5,R3,0.8371019719192596,ok,24.127260893458246,0.9763088669919002
28,5,R4,0.8849927842512602,ok,20.520674334090472,0.9517369719041228
28,5,R5,0.9330743529669868,ok,15.1712668251154,0.9717299231394758
28,6,R1,0.9408218661923387,ok,12.881984192578747,0.9913554042366275
28,6,R2,0.9201335499583803,ok,15.972081408246499,0.9831283898980355
28,6,R3,0.9395358311599827,ok,13.699566226462807,0.9537220652071079
28,6,R4,0.9474590670936596,ok,13.83151115046628,0.9732752151636583
28,6,R5,0.9552647875173328,ok,9.804229452492184,0.9939641556389954
28,7,R1,0.9150562998404465,ok,14.33683203618171,0.9886436328874352
28,7,R2,0.8870104939351192,ok,20.721922573303978,0.9548681974537346
28,7,R3,0.843423988736627,ok,28.007351736293106,0.9572652827124242
28,7,R4,0.8747209251997791,ok,22.44063515856364,0.9427817050705093
28,7,R5,0.909160157549527,ok,14.112596826183086,0.9886469477951482
28,8,R1,0.9137258510311158,ok,15.359451992898828,0.9889504886514198
28,8,R2,0.8816188441054724,ok,21.848554507450075,0.9650875933197817
28,8,R3,0.8865190221722702,ok,23.973050838734775,0.9529996386874424
28,8,R4,0.8504865495247756,ok,25.1511478984242,0.9605395682776867
28,8,R5,0.9160977254408399,ok,13.938832726265462,0.986685072888943
28,9,R1,0.9366206213774099,ok,12.176484506576784,0.9850766191528062
28,9,R2,0.8951521964610024,ok,21.8971695192173,0.8397927379562389
28,9,R3,0.903023345318856,ok,17.81033780719304,0.9659545681548364
28,9,R4,0.8949956373658607,ok,17.097968256563846,0.986254710237233
28,9,R5,0.8925576019993072,ok,16.36272047175765,0.9747541832974113
28,10,R1,0.9055047279852293,ok,15.252994582062483,0.9940648448567408
28,10,R2,0.8813105324647622,ok,21.586615714349588,0.9512178143853376
28,10,R3,0.826783647450179,ok,32.26684338428247,0.9241121187619746
28,10,R4,0.8788035173002038,ok,25.175650050578476,0.9781842843242553
28,10,R5,0.8969064893757536,ok,16.71921007983796,0.9830779890845099
28,11,R1,0.8775282077893831,ok,16.344848957469914,0.9871718390150918
28,11,R2,0.8635536490730391,ok,21.384702763560146,0.9688758114417101
28,11,R3,0.818924088970145,ok,26.967279963857216,0.9607285078079955
28,11,R4,0.7775168895248107,ok,25.074469244949388,0.9793582810498803
28,11,R5,0.8444432797222027,ok,21.361013412134582,0.9832085382668986
28,12,R1,0.8791896170884517,ok,15.469454774332421,0.9885907579207355
28,12,R2,0.9325756448280459,ok,11.30296894545923,0.9758793051260852
28,12,R3,0.8619541365948401,ok,19.145484881340533,0.9870372073192781
28,12,R4,0.9008842005031857,ok,17.200409056306164,0.9821036792826131
28,12,R5,0.9057014031934517,ok,15.13244020759821,0.9896726246390602
28,13,R1,0.9645717486713848,ok,9.813565170727582,0.9991338598667628
28,13,R2,0.9100965860737849,ok,23.598640225686214,0.9964925572816892
28,13,R3,0.864030790843317,ok,29.535988311496784,0.9879048773340595
28,13,R4,0.8686159314785373,ok,25.364232205392895,0.9993888600522911
28,13,R5,0.8965243581810673,ok,18.518932745415693,0.9960319334390922
28,14,R1,0.9520963259931435,ok,18.792722320728387,0.9989217674874652
28,14,R2,0.9441175980959182,ok,24.24332083414118,0.9977212995607727
28,14,R3,0.920721040757029,ok,26.38942467042533,0.9936229856439712
28,14,R4,0.8960729063618946,ok,26.19352852161742,0.9988198613411435
28,14,R5,0.9318963297617434,ok,22.05661284921146,0.9991748220809296
28,15,R1,0.9447862236924935,ok,15.83484858820728,0.9995604620835767
28,15,R3,0.8709515969660575,ok,21.23420432838632,0.9996907316330911
28,15,R4,0.9293069374079999,ok,19.852676515006014,0.9833470134148558
28,15,R5,0.890787490399,ok,18.356367410514856,0.9991780261910077
28,16,R1,0.9294598119797904,ok,14.815637644932387,0.9899807228941725
28,16,R2,0.8735207639750224,ok,20.933310121633866,0.9852037346036561
28,16,R3,0.8604567329045992,ok,22.028813103953713,0.9825644179689993
28,16,R4,0.8687941546504331,ok,24.59397066734802,0.973401626078947
28,16,R5,0.9171344515106844,ok,17.26520371011767,0.9807480251576951
28,17,R1,0.8902090422846537,ok,16.5481738587446,0.9948536297178677
28,17,R2,0.8640326442321935,ok,23.17498933998843,0.9642490118012683
28,17,R3,0.8189240674795012,ok,32.107509809582616,0.9500225700590322
28,17,R4,0.8565743734333006,ok,29.307182335884672,0.9472007624535507
28,17,R5,0.9383291783122696,ok,13.856353572176262,0.9869290158072039
28,18,R2,0.9069712541950004,ok,17.50578935444296,0.983825993577879
28,18,R3,0.8877261630485788,ok,21.0327914918557,0.9817442047379153
28,18,R4,0.8706522483435485,ok,18.52873487138833,0.9875044452002094
28,18,R5,0.936532988918912,ok,10.26198821908224,0.9993431235765043
30,1,R1,0.8509496869804958,ok,17.796860243619534,0.9826973459220265
30,1,R2,0.8818313481866004,ok,16.431069534696015,0.9924105559102204
30,1,R3,0.8913283413142231,ok,15.899188904863163,0.9926898383875524
30,1,R4,0.9089002720256978,ok,12.99116913473229,0.9844604564198834
30,1,R5,0.907486067101217,ok,13.462629164925914,0.9875984030205596
30,2,R1,0.8210153799374834,ok,18.469048221923295,0.9776505563976168
30,2,R2,0.8323571362066831,ok,24.661202642599008,0.9613060387959099
30,2,R3,0.8611789619485232,ok,22.408333631941563,0.9345627853555633
30,2,R4,0.7675804997360619,ok,26.1418691365448,0.965744152542186
30,2,R5,0.8251635032415561,ok,20.819988781749466,0.9583992332183291
30,3,R1,0.9081830490018202,ok,14.445621755643714,0.9916906906592323
30,3,R2,0.8302362334868857,ok,23.68048123838145,0.9820504201268908
30,3,R3,0.8059659770869282,ok,27.940729546953076,0.9574332595216352
30,3,R4,0.8356974519320812,ok,24.336756115337497,0.9698291007945771
30,3,R5,0.8957146598753026,ok,18.28136122267995,0.9772974066328508
30,4,R1,0.89906456970497,ok,14.400642006125855,0.9918140934382834
30,4,R2,0.9403401204208981,ok,16.282522849370974,0.9922813136563283
30,4,R3,0.9039466636425274,ok,15.189971623669273,0.9716055139843806
30,4,R4,0.8772874488226866,ok,16.69155940125048,0.9882671252445625
30,4,R5,0.93296557842402,ok,16.631414534014908,0.9928629369335125
30,5,R1,0.8896187105499963,ok,17.036666492621524,0.9855623840405296
30,5,R2,0.8348995324433668,ok,21.44801886381734,0.9726598795492379
30,5,R3,0.8510005340328911,ok,20.54755581195322,0.9378944131391089
30,5,R4,0.8330555942703812,ok,23.02778565282332,0.9809451364160885
30,5,R5,0.8170321506592058,ok,23.51789117350158,0.9683396612204913
30,6,R1,0.8867363981067754,ok,18.092520561203383,0.9859755998555231
30,6,R2,0.8454114875375511,ok,23.176321769867208,0.9804552905990709
30,6,R3,0.8664777910865008,ok,24.746184735190962,0.9759068297156458
30,6,R4,0.8789597214186998,ok,24.935751355722246,0.9671820921561894
30,6,R5,0.9130527730859794,ok,15.987499061544879,0.9840888505501535
30,7,R1,0.8741794210997461,ok,15.621490772127764,0.9895151470997957
30,7,R2,0.8341560675422922,ok,16.736092392994316,0.9873965012546032
30,7,R3,0.8443030927433242,ok,17.826036575896705,0.9805140173497928
30,7,R4,0.8514645726599888,ok,16.672671097368053,0.9918543156949118
30,7,R5,0.8788151180202876,ok,14.98882316394702,0.9942035198880347
30,8,R1,0.8441150082540942,ok,22.497022569873597,0.9495645987768389
30,8,R2,0.8235304398936092,ok,21.8856997413846,0.9776643027310687
30,8,R3,0.8223914048204761,ok,21.37851289735365,0.98052325333979
30,8,R4,0.8895917157902116,ok,15.602863874347253,0.9865247638785816
30,8,R5,0.8343368958277916,ok,20.47811082702097,0.9889712712688009
30,9,R1,0.8799714158590828,ok,17.39801069864556,0.9906014537579697
30,9,R2,0.830741147316863,ok,20.717239307049027,0.9844798008629483
30,9,R3,0.8174211360475471,ok,23.480454423829556,0.97862967081585
30,9,R4,0.812181798035321,ok,23.188775587991753,0.9735120957749497
30,9,R5,0.8252197224799996,ok,20.762590401192252,0.986445067191463
30,10,R1,0.8806092267316099,ok,15.033741624102845,0.994846862904936
30,10,R2,0.8567325072217685,ok,17.64566818207919,0.9866780242892659
30,10,R3,0.8359549108174533,ok,17.052934188903993,0.9827156304547171
30,10,R4,0.8577118645194376,ok,16.66851897729516,0.9908268871989754
30,10,R5,0.8623262937133942,ok,16.281849666655678,0.9888442888515183
30,11,R1,0.8675179538624452,ok,17.201338527100322,0.9915930613366233
30,11,R2,0.8079099326609618,ok,23.419495785492053,0.979726920094472
30,11,R3,0.7886327572119909,ok,24.640241041215347,0.9799242164413295
30,11,R4,0.795056111571424,ok,23.38130672890135,0.9716371511831603
30,11,R5,0.8121911187316374,ok,20.581393837934254,0.9825313062713239
30,12,R1,0.8520120616994467,ok,16.18199592161415,0.9861068243968967
30,12,R2,0.7762937979018615,ok,22.12179033485308,0.9617553006403871
30,12,R3,0.800926953829132,ok,23.625556791177807,0.9729615923661451
30,12,R4,0.7785562299804332,ok,22.883158525416366,0.9609362114827915
30,12,R5,0.8271233011585153,ok,20.14294578265354,0.9748694673797712
30,13,R1,0.8773654194830778,ok,18.750388658688063,0.997864823294629
30,13,R2,0.8467831056264686,ok,21.127055860761956,0.9969383024270457
30,13,R3,0.8724156207749952,ok,20.311598458069266,0.9991412267634143
30,13,R4,0.8854482604004102,ok,19.167221244170957,0.99342317026808
30,13,R5,0.8931973022941485,ok,18.45099372015883,0.9980675872393338
30,14,R1,0.8487510083947742,ok,29.451061772920813,0.9992419796958456
30,14,R2,0.9224918522938471,ok,24.693808683567617,0.9940161551205662
30,14,R3,0.9625260952359124,ok,25.010419156898223,0.9915197217723685
30,14,R4,0.9834090684015666,ok,16.46992147312763,0.9755174102610253
30,14,R5,0.8682711965757224,ok,23.48900455824174,0.9961185003163838
30,15,R1,0.8667831817432389,ok,19.06434945760931,0.9996049968170234
30,15,R2,0.8348394256227037,ok,25.171655625880625,0.9973554312136442
30,15,R3,0.8285686863072024,ok,26.969482350003155,0.993149341113645
30,15,R4,0.7949342965762421,ok,26.825901902338444,0.9958914678019206
30,15,R5,0.8626732416217987,ok,21.8328040793497,0.9938900305047985
30,16,R1,0.944195169913148,ok,12.047038278605452,0.9540221304804312
30,16,R2,0.9064859173409472,ok,16.640624486396945,0.9747201234338803
30,16,R3,0.8919369515218784,ok,17.366151184850803,0.9765862086895786
30,16,R4,0.9132862818042801,ok,15.576307343020245,0.9761612767384014
30,16,R5,0.8601617077606799,ok,13.935706710025322,0.989274301255212
30,17,R1,0.8883145485627841,ok,18.431011475143464,0.986392109323098
30,17,R2,0.8487547049252958,ok,23.736413123568276,0.9711974827014982
30,17,R3,0.8207559086710688,ok,25.280139707668013,0.9509160827369854
30,17,R4,0.8537001438699705,ok,20.929512871218282,0.961556147933167
30,17,R5,0.8326153068784925,ok,19.36446846104903,0.9771800300237408
30,18,R1,0.896818960627581,ok,17.26649755279127,0.9943260248731096
30,18,R2,0.8649187459462074,ok,23.614271463158403,0.9772140572129205
30,18,R3,0.8918047143920748,ok,25.233438957348213,0.9819482787613741
30,18,R4,0.8055553641835882,ok,24.188876241733198,0.9841808507140606
30,18,R5,0.8381121700683306,ok,21.553268661264823,0.987985044600987
32,1,R1,0.9144185637392952,ok,11.28390734300841,0.981626437375963
32,1,R2,0.8372424566408376,ok,18.23462129925637,0.9862751240386844
32,1,R3,0.8740248606310576,ok,17.717106001761316,0.980980155420116
32,1,R4,0.8610241492192292,ok,17.352783876625903,0.9814601490606202
32,1,R5,0.8910166067830119,ok,12.981933895043388,0.9819257959870125
32,2,R1,0.8716323047795679,ok,12.076324904567924,0.9761167972019156
32,2,R2,0.830034784615951,ok,20.053750587811574,0.939036605539688
32,2,R3,0.7698393823392646,ok,26.081821942343616,0.9672877769703716
32,2,R4,0.7900727636053455,ok,24.9205524113214,0.9659095264328235
32,2,R5,0.8165020256079809,ok,20.528067427320902,0.9788926150077099
32,3,R1,0.8440946096669754,ok,16.156133179142106,0.9904820816078137
32,3,R2,0.8012841901054997,ok,21.930637619043754,0.9803676050249513
32,3,R3,0.7748298110667667,ok,25.086677947954144,0.9702762910715849
32,3,R4,0.7677546643255244,ok,24.359311685111926,0.9790811443513723
32,3,R5,0.8482701598356088,ok,22.606449442847527,0.9779197369088226
32,4,R1,0.9377496349011836,ok,9.302709366175378,0.9744111551085816
32,4,R2,0.8886362464064277,ok,15.880521378737473,0.9927319814316763
32,4,R3,0.9077739792692856,ok,14.676350523210747,0.9865159483793465
32,4,R4,0.8998007112932437,ok,16.784504720359653,0.9847386080565422
32,4,R5,0.920331028120957,ok,14.411160616041865,0.9911950680455652
32,5,R1,0.8582830590677023,ok,17.270004158549376,0.9871494760530587
32,5,R2,0.89629757283355,ok,19.174811364378446,0.9142524274848092
32,5,R3,0.8461219286097599,ok,22.475153357333795,0.9647721072507174
32,5,R4,0.8557868309780381,ok,16.617669922583463,0.9698718722321938
32,5,R5,0.8774602787369863,ok,19.20483558295485,0.9517078743662835
32,6,R1,0.8836516435376107,ok,16.451076077071157,0.9902639116436686
32,6,R2,0.8875867061127394,ok,17.00019656664183,0.9654264720387014
32,6,R3,0.8937665981280917,ok,20.366478789855424,0.9425957441991649
32,6,R4,0.850447920957222,ok,22.613551052508665,0.9698727370250609
32,6,R5,0.9140549871745368,ok,14.93559527539691,0.9478002597345916
32,7,R1,0.868150653125477,ok,15.23143883778421,0.9820111862069782
32,7,R2,0.8396307190455317,ok,17.33793729095172,0.9792641996996004
32,7,R3,0.8257553128862045,ok,21.246914462792038,0.9736997103947216
32,7,R4,0.8298470665356181,ok,19.12616819474407,0.9824303658084371
32,7,R5,0.8659192819500322,ok,16.08537838826168,0.9872753206309975
32,8,R1,0.8110038679221624,ok,20.27012777053634,0.99357035195863
32,8,R2,0.8322551877589419,ok,22.24771096735259,0.9533687289246311
32,8,R3,0.7436480271417867,ok,26.695211648399223,0.9558609234132821
32,8,R4,0.7772431135933872,ok,24.444162789922576,0.9682123077436344
32,8,R5,0.7799371710096842,ok,24.538133428357586,0.9737275288967304
32,9,R1,0.8665234801541994,ok,16.13237418368179,0.9926685465473566
32,9,R2,0.7951302079745751,ok,22.366175393698732,0.9838650450334648
32,9,R3,0.7998649093207189,ok,22.113729264819668,0.9722912642472992
32,9,R4,0.7818084949321246,ok,23.797306863425685,0.9793200397217693
32,9,R5,0.787432968608421,ok,21.278439333676282,0.9849554030414618
32,10,R1,0.9018608430574878,ok,10.74152667579838,0.9849842899263118
32,10,R2,0.7939286554344742,ok,18.56296443130758,0.9926891480114535
32,10,R3,0.7863775447772926,ok,18.486769669768364,0.9862145956192311
32,10,R4,0.8035365010791883,ok,15.364960660716545,0.9889326262692639
32,10,R5,0.8390530328218189,ok,15.48353662473692,0.9917057005297448
32,11,R1,0.831806757705864,ok,18.698042770197826,0.9810950177875357
32,11,R2,0.797962468768382,ok,21.46240749358592,0.9857919931499428
32,11,R3,0.7518676008287701,ok,24.032744845104325,0.9746291338905334
32,11,R4,0.7646225267285163,ok,22.781746656981248,0.9818229302982435
32,11,R5,0.7531958211102096,ok,17.52586764786783,0.9961195090856059
32,12,R1,0.8131579602304195,ok,16.19374675567055,0.9891138436059377
32,12,R2,0.7535601875282568,ok,22.953772880801154,0.9682674769128712
32,12,R3,0.7644446753512028,ok,25.098689096783673,0.9556525723476974
32,12,R4,0.7763100992262233,ok,22.89785560354559,0.978852980452483
32,12,R5,0.7308724288079825,ok,21.15524311341119,0.9866430041599529
32,13,R1,0.8870795571137766,ok,17.51684932430269,0.9884869389391235
32,13,R2,0.8277946022132948,ok,22.3917746626794,0.9987949305133913
32,13,R3,0.7894171583390795,ok,27.269163308719595,0.9906459311272963
32,13,R4,0.913957619591276,ok,14.145952335538551,0.9924925446073626
32,13,R5,0.9755356922424917,ok,12.897103627492461,0.9919556738560238
32,14,R1,0.8966780718838625,ok,20.890007230034456,0.9990998259435193
32,14,R2,0.8740090327980187,ok,25.882026214269533,0.999786898734382
32,14,R3,0.86346592871876,ok,39.374876087710284,0.9895513677628461
32,14,R4,0.8751838605596879,ok,26.2242008062928,0.9971297952095688
32,14,R5,0.9265280320765864,ok,24.200240432971572,0.9957930612108055
32,15,R1,0.8363309658068434,ok,20.46345895832852,0.9992222477201506
32,15,R2,0.8089702378002589,ok,25.109709749541405,0.9975055757021124
32,15,R3,0.6244480667837335,ok,27.921728131492117,0.9952720005787873
32,15,R4,0.722063884738709,ok,26.91993697819377,0.9958273771072729
32,15,R5,0.7383221321042712,ok,24.124134141537287,0.9980473461329327
32,16,R1,0.9345712065676215,ok,12.501527976330124,0.9655273268830917
32,16,R2,0.8646624235517292,ok,18.114310652231104,0.9792537337139267
32,16,R3,0.8586566319860263,ok,18.23273750380052,0.9787248855549718
32,16,R4,0.8630285535862225,ok,17.431606282976347,0.9849934540614363
32,16,R5,0.8776153445799105,ok,15.391549469992478,0.9845650368946067
32,17,R1,0.9011248198185219,ok,15.259841467552537,0.9851108278731878
32,17,R2,0.8621313208586561,ok,20.944352464958328,0.9737006817982291
32,17,R3,0.7595112335040487,ok,24.894282113885232,0.975366838899122
32,17,R4,0.8032244179793526,ok,23.274874182619644,0.9719753342388324
32,17,R5,0.7931352734637067,ok,20.471598966746196,0.9913313432276871
32,18,R1,0.8720834215469198,ok,18.595432806111383,0.9794043175122027
32,18,R2,0.8925344731185735,ok,21.641902319940286,0.9609810346420891
32,18,R3,0.9127797654539211,ok,19.370548206600294,0.9550699471368101
32,18,R4,0.8912981772781993,ok,23.970308689043485,0.9714013933189075
32,18,R5,0.820583286586195,ok,22.663034022729295,0.9653446637578805
34,1,R1,0.9093073722291561,ok,10.328404532848108,0.9977994494498676
34,1,R2,0.8678063062740513,ok,17.471435375353803,0.9886197654872843
34,1,R3,0.8536700287633567,ok,20.433651923230506,0.97598658169791
34,1,R4,0.8331464613514832,ok,19.48102056984944,0.9778260113665613
34,1,R5,0.8528599932104465,ok,17.063513784155436,0.9767723944982671
34,2,R1,0.8205515704761475,ok,19.7447578465323,0.9650133475833927
34,2,R2,0.8254532250697492,ok,24.082642660910977,0.9577480419727629
34,2,R3,0.7830319803205359,ok,28.196209157584715,0.945811442562352
34,2,R4,0.7575335623557949,ok,27.450391403556292,0.9534557370345755
34,2,R5,0.808228516526157,ok,21.904460198218104,0.9691538571880899
34,3,R1,0.8301382221035637,ok,17.14803803871552,0.9867932289727919
34,3,R2,0.7928182818799109,ok,23.67017257747305,0.9632543690582159
34,3,R3,0.7112265508753995,ok,29.676012785819612,0.9452349403792094
34,3,R4,0.7059894103956837,ok,28.150802603150368,0.9532097138141851
34,3,R5,0.7795612531916347,ok,21.64857083132399,0.9837614035574548
34,4,R1,0.859902533796001,ok,16.321853358576288,0.9864447608473292
34,4,R2,0.8473796826227259,ok,16.863758604637034,0.9748388235884775
34,4,R3,0.8462042567783794,ok,17.88449981861829,0.9842173495193127
34,4,R4,0.8287153466495176,ok,19.540270037292537,0.9851045165809718
34,4,R5,0.863067773659808,ok,16.48336135290829,0.99017518063628
34,5,R1,0.9255255459166467,ok,12.365395273457457,0.973937955033449
34,5,R2,0.822735027080022,ok,21.85487872530215,0.9787773585180118
34,5,R3,0.7861726955441473,ok,25.943557982859648,0.957929841280367
34,5,R4,0.8192380246454978,ok,24.883010936985638,0.974399702454104
34,5,R5,0.8167580125040822,ok,21.068399079218146,0.9832847816087926
34,6,R1,0.9413533027337767,ok,15.457757624553274,0.9912218213415778
34,6,R2,0.9027859296054088,ok,23.044721424572487,0.9678324057106851
34,6,R3,0.913714816172124,ok,20.5714280464666,0.9787202656523163
34,6,R4,0.8556193336941996,ok,27.305623066047183,0.9704917048385787
34,7,R1,0.8852501351588647,ok,14.63826070058016,0.9847141019252313
34,7,R2,0.8786057079005808,ok,16.437575529171696,0.9876286907149665
34,7,R3,0.8490819514245121,ok,17.41531964052662,0.9832331989524037
34,7,R4,0.861392346344855,ok,17.18723730771502,0.9787563071052081
34,7,R5,0.8784993464059273,ok,15.325090836969364,0.9775775735404801
34,8,R1,0.8253835554207213,ok,16.091335962764003,0.9887443676038381
34,8,R2,0.8268331190646929,ok,20.503078272539103,0.9622796907913393
34,8,R3,0.7993807627539236,ok,22.479721067995435,0.9763785026481199
34,8,R4,0.7743478646582754,ok,22.711721514575913,0.9665975444849936
34,8,R5,0.7999953856829067,ok,18.626279483555344,0.9781281792273305
34,9,R1,0.8426500718417946,ok,16.573083518893956,0.9826604884018566
34,9,R2,0.8136179907560576,ok,21.529124063019083,0.9598145626082972
34,9,R3,0.7422345565343569,ok,25.207119863367964,0.9674062875932836
34,9,R4,0.8020715070332034,ok,24.01424075437842,0.9525553405172607
34,9,R5,0.8342102033067614,ok,18.743259980662135,0.9881914210843591
34,10,R1,0.8637297254308245,ok,15.419195623729097,0.9834072112813997
34,10,R2,0.8485951906009271,ok,15.46085554678762,0.9906263995392577
34,10,R3,0.8692463012800324,ok,14.508012890693454,0.9806032320365529
34,10,R4,0.8408748523629771,ok,15.772922600813887,0.9839759792916274
34,10,R5,0.8210282295835867,ok,15.099141814391393,0.9897762509536576
34,11,R1,0.829230717417494,ok,15.883678386015744,0.9906414227192804
34,11,R2,0.8031836343214025,ok,20.158696380692856,0.9771774531286196
34,11,R3,0.7538212920129329,ok,23.607929627177956,0.966531936855992
34,11,R4,0.7321139718306094,ok,23.049193123078503,0.9832816691680346
34,11,R5,0.8069975171882552,ok,18.941142311117638,0.9696523853419065
34,12,R1,0.84706744636007,ok,14.854269757508778,0.9848134971815451
34,12,R2,0.7859133676191387,ok,20.859843762385044,0.9764547131448883
34,12,R3,0.7168961239326765,ok,25.83670586590977,0.9496117373429591
34,12,R4,0.7390927162868823,ok,23.132558486277386,0.9519101324920021
34,12,R5,0.7729911017691588,ok,21.398685596051756,0.9546637324249382
34,13,R1,0.8930195501807202,ok,16.800236861966948,0.9986730956364905
34,13,R2,0.8860226087201255,ok,18.2418393786229,0.9992558150557931
34,13,R3,0.8315482503201066,ok,20.100087802474196,0.9978435170850561
34,13,R4,0.9228735712249287,ok,13.09506075532108,0.9940935237397608
34,13,R5,0.8383285326135793,ok,17.45260922802128,0.9989252359286646
34,14,R1,0.9471221698244793,ok,13.943585493609348,0.9892467808418448
34,14,R2,0.955140008186811,ok,23.04003374971961,0.9717794010154426
34,14,R3,0.7892286513238763,ok,25.291056186770863,0.9944586246841436
34,14,R4,0.8157165141397301,ok,24.42273852624143,0.9989054558395116
34,14,R5,0.9124637452720779,ok,21.18439405316782,0.9999671525772262
34,15,R1,0.8551516192662229,ok,16.84128810016044,0.9979565444027638
34,15,R2,0.7810487203141335,ok,23.033492933711074,0.9941188275717985
34,15,R3,0.7458194577509536,ok,26.022422269106674,0.9952845865656733
34,15,R4,0.6498226509005309,ok,26.219266565888702,0.990963313376044
34,15,R5,0.6039822799923595,ok,28.310131646086358,0.9992985897867792
34,16,R1,0.9529132674272345,ok,14.73964143594406,0.9708320773553137
34,16,R2,0.9388038140654863,ok,16.63185052101558,0.9638085779289279
34,16,R3,0.9405020046349521,ok,16.388491731610312,0.9713118891981505
34,16,R4,0.9356511635868778,ok,16.825309863725362,0.9779772682699283
34,16,R5,0.9468556850429578,ok,14.926156835465566,0.973515863093979
34,17,R1,0.8668841349060099,ok,16.8195575931878,0.989224068622098
34,17,R2,0.8335608323666284,ok,21.467665654500525,0.98020206665487
34,17,R3,0.8909077962085038,ok,20.47424802086876,0.9543524094750357
34,17,R4,0.8553833501694188,ok,22.949203518327742,0.9654017151468394
34,17,R5,0.8746264334962471,ok,19.288875949346757,0.9807542203178979
34,18,R1,0.9295983825545157,ok,16.993974444701372,0.994090715381161
34,18,R2,0.8962913193312254,ok,21.37157606270638,0.9838684269115016
34,18,R3,0.9244612431927929,ok,21.551113665510155,0.9615105949115019
34,18,R4,0.8830437171577944,ok,24.45253079317398,0.9797043175154518
34,18,R5,0.9124392360065989,ok,19.828181763081403,0.9933158985365205
36,1,R1,0.946267607898577,ok,10.032299484562763,0.9898993740005205
36,1,R2,0.9103159154209075,ok,13.980969054946561,0.9679478492659763
36,1,R3,0.8913048970602753,ok,16.900055046277032,0.9659078190920448
36,1,R4,0.8760475800330567,ok,15.806827145725963,0.9776773755526424
36,1,R5,0.8848614108692745,ok,18.19238698640459,0.9871378886856932
36,2,R1,0.9578190298432001,ok,13.485906976235592,0.9202266320767718
36,2,R2,0.9062541969153796,ok,21.711071507144606,0.9547338153615728
36,2,R3,0.8858319380441416,ok,24.90629379447447,0.920618995113837
36,2,R4,0.8539696400086065,ok,26.608339926420577,0.9450507901127396
36,2,R5,0.9228099832601302,ok,19.589436032828342,0.9692377894118201
36,3,R1,0.8740406105533978,ok,15.18279582974798,0.9942038798669999
36,3,R2,0.87936981477479,ok,17.352736074448483,0.9557395584300536
36,3,R3,0.747866938996923,ok,28.25598038869932,0.9492020938602429
36,3,R4,0.7846839512347322,ok,26.105729157459233,0.9480360607052338
36,3,R5,0.8783664277984884,ok,17.08964561436277,0.9719919779461647
36,4,R1,0.9066418912436504,ok,15.065625072191773,0.9827893643430025
36,4,R2,0.9335493198391063,ok,16.195287403106608,0.9771516655994646
36,4,R4,0.8900167292911333,ok,16.81590282618564,0.981614945385005
36,4,R5,0.9242833062939654,ok,15.045616889366025,0.985976537289512
36,5,R1,0.9533255828534039,ok,14.676404591551684,0.9904088519467736
36,5,R2,0.9033477882362082,ok,20.378605059095865,0.9611677805606921
36,5,R3,0.8614860288903065,ok,25.178846699083614,0.9619409640571975
36,5,R4,0.8643993768146258,ok,24.607512227433507,0.9647224017187842
36,5,R5,0.9273360830883068,ok,19.164617929553913,0.9729703467068922
36,6,R1,0.9568253806877962,ok,15.75145098307895,0.9859660183869825
36,6,R2,0.9513997119501768,ok,18.52303073251202,0.9331123520897584
36,6,R3,0.9092806315030271,ok,25.501380090292756,0.9660928906866113
36,6,R4,0.907865444573561,ok,25.03042123806859,0.9717781476817167
36,6,R5,0.9208146841258006,ok,20.116860127605914,0.9824269035088907
36,7,R1,0.9015883007419603,ok,14.133555093646317,0.9900793334198745
36,7,R2,0.8939197860018311,ok,15.70379151574084,0.9899881279923304
36,7,R4,0.8732903319734493,ok,17.039173319016506,0.9608201927402953
36,7,R5,0.9041029075377809,ok,15.263091768673423,0.9944587753712004
36,8,R1,0.9102718357067813,ok,10.652315888498638,0.9879846913447546
36,8,R2,0.8188974983424955,ok,20.244564460819856,0.9859182077029913
36,8,R3,0.8109903796677913,ok,23.671919943730938,0.9677568262513998
36,8,R4,0.8010842992216127,ok,22.82073241573995,0.9646851234920906
36,8,R5,0.8573374059109417,ok,19.797994454952214,0.9696604620662108
36,9,R1,0.8753006517723225,ok,15.510404137747061,0.9868663244666778
36,9,R2,0.8462276945711339,ok,21.976548085946675,0.9752615876966344
36,9,R3,0.8015756316464384,ok,25.254885386953443,0.9549683738813766
36,9,R4,0.8069391989193164,ok,22.250455681089313,0.9802285272785604
36,9,R5,0.847830719050361,ok,19.669080051528447,0.9862389719199616
36,10,R1,0.8587730969479785,ok,16.006775427493608,0.9858875197334832
36,10,R2,0.8143758632761032,ok,17.98290810840661,0.9809238253170972
36,10,R3,0.8272376476809334,ok,18.269909989407807,0.9888821254731225
36,10,R4,0.7987227702215078,ok,18.492655258182015,0.9953444694867551
36,10,R5,0.8554263816327035,ok,17.038877609654303,0.9782152071102757
36,11,R1,0.8644372098283403,ok,17.191409716551057,0.9821413299769974
36,11,R2,0.7990918736109044,ok,21.06513911702576,0.9798022018383751
36,11,R3,0.7177815953451806,ok,26.202725383917105,0.9454203643873483
36,11,R4,0.7854674629513351,ok,23.82428660344834,0.9743786164133462
36,11,R5,0.7985556169264928,ok,19.888947813114115,0.970683315304849
36,12,R1,0.8530688588956352,ok,16.075257827765494,0.9803859219828697
36,12,R2,0.8103160802975109,ok,21.213932153430875,0.9634526303024735
36,12,R3,0.6838328205206141,ok,27.05555297208107,0.9682054468423666
36,12,R4,0.7808324546792877,ok,24.109469878262388,0.9708085990982724
36,12,R5,0.7667916942799227,ok,20.485425724840102,0.9757591891576062
36,13,R1,0.9286712429144156,ok,19.0088510093139,0.9964824817072228
36,13,R2,0.9158364561339908,ok,24.51830365692088,0.9971280680502345
36,13,R3,0.8901744817331391,ok,26.831636177642615,0.9952431250424155
36,13,R4,0.9228669177160599,ok,23.88004265450103,0.9953777552623029
36,13,R5,0.9213810823454328,ok,20.953303125335328,0.9968048164189335
36,14,R1,0.8132570415075123,ok,17.01733990669358,0.99981751928517
36,14,R2,0.8938575617578493,ok,23.453943055977362,0.923213972559841
36,14,R3,0.7084543552308527,ok,29.63643388449239,0.9935551026547398
36,14,R4,0.7758445907581676,ok,29.2224285874458,0.9951300773570153
36,14,R5,0.8055536444215472,ok,25.333483236334036,0.9969201072941386
36,15,R1,0.7198027716234047,ok,18.148513235720287,0.9977190036391697
36,15,R2,0.6513401108013104,ok,22.204838235303136,0.9967771471035034
36,15,R3,0.6567887999266069,ok,23.882639931950564,0.995921003708283
36,15,R4,0.5979790926711257,ok,27.41479597022122,0.9961615613027764
36,15,R5,0.6551037309205126,ok,21.996849319821003,0.997779373540686
36,16,R1,1.0057531164083509,ok,15.206253007882053,0.9918831177571109
36,16,R2,1.0060630676372768,ok,17.484756328502375,0.9785782349035764
36,16,R3,1.0024260187822438,ok,17.834450935815397,0.9674817406805288
36,16,R4,1.0081608160548101,ok,17.411368043772658,0.9850665233313111
36,16,R5,1.0045296159231396,ok,10.363975449865213,0.9945926959963033
36,17,R1,0.972787914311472,ok,17.393008798041823,0.9900586066307038
36,17,R2,0.9546198906212466,ok,23.219962112570595,0.9709883398538343
36,17,R3,0.9689550116274518,ok,22.864301615230946,0.962707755972663
36,17,R4,0.9648827707327391,ok,20.29287279588348,0.9507531231871729
36,17,R5,0.9664403670445469,ok,19.85520055556198,0.9736510513912663
36,18,R1,1.0069544733184914,ok,14.705279935231859,0.9747505449588876
36,18,R2,1.0121168741717281,ok,20.138593256414616,0.9761059016443963
36,18,R3,1.0196863021451579,ok,26.81225840636639,0.9770489819382644
36,18,R4,1.0124160008076797,ok,25.834057461553474,0.9683433309777136
38,1,R1,0.9551051867459455,ok,16.15993930374995,0.9823084582240941
38,1,R2,0.9496637095263785,ok,19.253646589440905,0.9788012998717915
38,1,R3,0.9435054796145729,ok,20.48513313524801,0.9732745508838063
38,1,R4,0.9314917422223301,ok,21.43705636733375,0.9603654925661173
38,1,R5,0.9290119235873588,ok,17.48971827198166,0.9797466259805074
38,2,R1,1.0141207582692302,ok,18.332572671681042,0.9681722192711525
38,2,R2,1.0184967199652768,ok,22.131722042811703,0.9665544896635877
38,2,R3,1.0172801451037063,ok,24.65680687047768,0.959727835426092
38,2,R4,1.0058375509041322,ok,20.126787382409855,0.9442400908735692
38,2,R5,1.0137238533496529,ok,19.60388584401332,0.9706925173150762
38,3,R1,0.9029647773098748,ok,17.51299192795995,0.9758374262614539
38,3,R2,0.8897843596579184,ok,19.012947373062172,0.9852745529994438
38,3,R3,0.9011712394137535,ok,20.606323083509345,0.9839917844340441
38,3,R4,0.9088196457293454,ok,15.58979141510413,0.9801436494854822
38,3,R5,0.9229145628083116,ok,17.28864992408595,0.9806446149569876
38,4,R1,0.9994139448059789,ok,16.814609021351252,0.9804943788364966
38,4,R2,0.996164645758524,ok,19.414326447649902,0.9669539434353449
38,4,R3,1.0008112723337887,ok,20.83762397670414,0.984773807593759
38,4,R4,0.9972655055082004,ok,18.825609231132066,0.9746719766649076
38,4,R5,1.000062609240235,ok,16.837063229014618,0.9825878602206796
38,5,R1,1.0184645605835982,ok,18.492523057481545,0.9775424593423722
38,5,R2,1.018877263999933,ok,21.83020018295782,0.9721853785489228
38,5,R3,1.013991131938693,ok,24.79365620608953,0.9621843142426492
38,5,R4,1.0254456047946987,ok,24.52487278462438,0.9767034187077128
38,5,R5,1.016215289771371,ok,18.431310951504592,0.9848313523557681
38,6,R1,1.000569383868655,ok,16.79042829543172,0.9827826557852396
38,6,R2,1.0002823369615224,ok,18.55324814931309,0.9816715304166144
38,6,R3,0.9988486701541094,ok,18.787079990704303,0.9720384876239638
38,6,R4,0.9988702185934643,ok,16.133644816344287,0.972708231498695
38,6,R5,1.0003799207057231,ok,16.31265615704987,0.9827198822152381
38,7,R1,0.9501499838000129,ok,15.603213396390364,0.981432793567832
38,7,R2,0.9310792346113224,ok,19.087788292070933,0.955016493463351
38,7,R3,0.9372933547878318,ok,18.005138066956473,0.9846491676105186
38,7,R4,0.9333971060653992,ok,18.155897252532018,0.9656380555425205
38,7,R5,0.9505922839829724,ok,15.462510955761909,0.9832155951632968
38,8,R1,0.9421956723389412,ok,18.385727113077206,0.9832629296220413
38,8,R2,0.8995998926290933,ok,21.41800650239262,0.9740383142094293
38,8,R3,0.9140419961470456,ok,22.504247695124523,0.9676280666454339
38,8,R4,0.8904581730474764,ok,21.7937407438205,0.9780197263615042
38,8,R5,0.9103657794529817,ok,18.4590827821451,0.9829886621315037
38,9,R1,0.9333361836559233,ok,16.269849082117567,0.9767525346344034
38,9,R2,0.9239195436961763,ok,19.651593708964445,0.9719068459120157
38,9,R3,0.9164579680647527,ok,18.901991727266388,0.9848542397032515
38,9,R4,0.9312676677770647,ok,19.433327248482325,0.9730116785466586
38,9,R5,0.9249733257597276,ok,16.288940254253482,0.9838445623087824
38,10,R1,0.8652480625918922,ok,18.00203611483839,0.987014904345709
38,10,R2,0.8471334939181772,ok,20.772264549529215,0.9870562571693334
38,10,R3,0.8546007960244184,ok,21.042656759243897,0.9732498646615974
38,10,R4,0.8246508480632753,ok,19.946806241200278,0.9837710804179329
38,10,R5,0.858242607879709,ok,17.35779441504866,0.9938237984907367
38,11,R1,0.883742749978367,ok,20.526223597911216,0.9755793053749835
38,11,R2,0.857942078780131,ok,26.672785143269934,0.9591568532499732
38,11,R3,0.8412719385604324,ok,27.51572289181389,0.9596060125211838
38,11,R4,0.860356698474492,ok,27.21421657132856,0.9564737539604724
38,11,R5,0.8790351064213844,ok,22.276461206249124,0.9750278389416132
38,12,R1,0.885357924721567,ok,18.54071179348671,0.9733364100896151
38,12,R2,0.8723958332181176,ok,23.370226356270177,0.9616330520171612
38,12,R3,0.8844917660160779,ok,20.58123430927937,0.9841494678191967
38,12,R4,0.8663423545763447,ok,20.16372280766512,0.9782612319772012
38,12,R5,0.9067606836147136,ok,17.239797525208647,0.9758613659056071
38,13,R1,1.0953298100305755,ok,19.12805624208762,0.9977119929735292
38,13,R2,1.0977710798868467,ok,22.66681450559665,0.9938218198727082
38,13,R3,1.1332317479006973,ok,22.51937453867468,0.99849816661042
38,13,R4,1.098359869505739,ok,21.459597043297144,0.9986873741968693
38,13,R5,1.0932062858769533,ok,19.3552901946777,0.994383495515936
38,14,R1,0.8468898182207945,ok,22.471596602749663,0.9958778343526867
38,14,R2,0.7872601261909187,ok,27.77532434326339,0.9890541923984674
38,14,R3,0.8409369383575979,ok,29.186054839028696,0.975539023619953
38,14,R4,0.7446856332894828,ok,29.888633063813394,0.9914715960631254
38,14,R5,0.839756768789816,ok,23.90667417702267,0.9974110311733785
38,15,R1,0.8219589320604018,ok,21.22798364760572,0.9933126732418428
38,15,R2,0.7898055304625878,ok,24.60216534508647,0.9895863607014103
38,15,R3,0.7523331750034978,ok,25.11095512733314,0.991693672651278
38,15,R4,0.7850689981197103,ok,22.385228563358567,0.9955673244184965
38,15,R5,0.8309052087893357,ok,20.529927300246662,0.9980777986300375
38,16,R1,1.1125805256878871,ok,16.76283577947934,0.9848208966117847
38,16,R2,1.1660173479464484,ok,20.330722532875104,0.9848643444004367
38,16,R3,1.103184817339061,ok,20.02959001047486,0.9788115183793036
38,16,R4,1.0454745934730365,ok,15.640016329393433,0.9322420204154713
38,16,R5,1.069686895132137,ok,18.30150312839531,0.9826525853464851
38,17,R1,1.1879976551378761,ok,21.19390218224323,0.976172714822147
38,17,R2,1.0978336073277022,ok,22.259740920885893,0.9388412476195532
38,17,R3,1.1965830488699052,ok,28.617845223319964,0.9654391321806165
38,17,R4,1.1701187511047553,ok,30.401682967774306,0.9330492285455552
38,17,R5,1.13829652131711,ok,22.719589660082526,0.9774964590912313
38,18,R1,1.1731506869682202,ok,29.843163092039344,0.9751771062307018
38,18,R2,1.1874470645161614,ok,24.729543525070184,0.9819649838775253
38,18,R3,1.1266397862142683,ok,23.300793235605088,0.9763019346209233
38,18,R4,1.152621318671824,ok,21.997453902294563,0.9885377813662478
38,18,R5,1.1376430038179328,ok,18.580160296741756,0.9908424630163069
40,1,R1,1.0418742360673707,ok,17.151999610073993,0.9895299363859171
40,1,R2,1.0305476921730097,ok,18.721377401712356,0.9738235297053488
40,1,R3,1.0372628226703793,ok,20.627371256151925,0.9763075777042667
40,1,R4,1.0234241188161484,ok,15.241585606350041,0.9626364474770401
40,1,R5,1.0346005828396143,ok,13.326975903389377,0.9964566776524294
40,2,R1,1.1066454483240649,ok,12.596771860005328,0.9874009836273797
40,2,R2,1.1547922812626246,ok,22.0154097001886,0.9568577672099482
40,2,R3,1.1410246306113028,ok,24.124254681835026,0.9408116379555774
40,2,R4,1.0807127615421899,ok,16.96827429490054,0.9376984157503734
40,2,R5,1.1188463959466035,ok,18.835091013186304,0.9686212333379545
40,3,R1,0.9993406473893632,ok,15.662609665269363,0.9810292415959767
40,3,R2,0.9916449433287969,ok,16.207181622461107,0.9545536251484161
40,3,R3,0.9977354806293138,ok,19.363129307197706,0.9794248197730445
40,3,R4,0.9988567103069997,ok,18.600368144059324,0.9814848942944777
40,3,R5,0.9972714629623504,ok,11.844731629273195,0.9737147818812909
40,4,R1,1.1413779431756013,ok,15.852465570660101,0.9993527036781178
40,4,R2,1.1531810415546397,ok,19.40157601486029,0.9839762744270822
40,4,R3,1.0729450330772838,ok,19.41202009305496,0.9526248214854488
40,4,R4,1.1341107013528422,ok,18.148480079384978,0.9709136509439015
40,4,R5,1.1562305797395274,ok,16.20877888771783,0.9851179042894747
40,5,R1,1.146825992328067,ok,17.94170368701714,0.9776560519194858
40,5,R2,1.2161083735516531,ok,21.746970819124453,0.983531717562056
40,5,R3,1.1745550368107143,ok,23.276545083391216,0.9947969607822659
40,5,R4,1.2083305599276184,ok,24.572195317132124,0.9585164713963538
40,5,R5,1.2205522524943957,ok,19.763129727719836,0.9727490869080069
40,6,R2,1.0563708655987052,ok,18.014455245145022,0.9896270451775843
40,6,R3,1.0747357602356173,ok,19.083184233588476,0.9760319483741816
40,6,R4,1.082306457391362,ok,19.360095018507213,0.9841175674549439
40,6,R5,1.0374668235425015,ok,16.182890293714998,0.9884549921932263
40,7,R1,0.991147124930475,ok,18.123666946369195,0.9834208908680561
40,7,R2,0.984218250373394,ok,20.239271875580478,0.9620265731043353
40,7,R3,0.988209516862909,ok,20.920684796473378,0.9894886559292481
40,7,R4,0.9905608617691477,ok,19.651205248509854,0.9888170286494765
40,7,R5,0.9895870075112604,ok,18.170740918694186,0.9879560448309028
40,8,R1,1.0583914164379185,ok,21.059441223662667,0.9732996361401565
40,8,R2,1.080266967125432,ok,26.945388158446356,0.9622586371080422
40,8,R3,1.083796643973782,ok,27.32165439777032,0.9489863318417473
40,8,R4,1.0523302058185455,ok,25.389109927815937,0.9608966552047712
40,8,R5,1.0814378636805595,ok,22.486629240531194,0.9742662707804602
40,9,R1,1.0470502587162718,ok,21.374568564497768,0.9787281380322949
40,9,R2,1.0608399935530943,ok,24.921982193014706,0.9632017704664555
40,9,R3,1.0663122484372847,ok,23.8208297982526,0.9684114134023701
40,9,R4,1.0373736473386148,ok,18.406181771015575,0.9620179009202107
40,9,R5,1.0317165489873024,ok,10.960178744263068,0.9821125692725753
40,10,R1,0.9376729768909258,ok,16.995914792308714,0.9944578131976964
40,10,R2,0.9212344124753317,ok,20.448739971225205,0.9707179300256091
40,10,R3,0.9353488022812322,ok,20.01119703803787,0.9858439950295641
40,10,R4,0.9308790644240269,ok,19.7596866364059,0.9753877794540698
40,10,R5,0.9389391322120645,ok,17.807652740804542,0.9844974060740758
40,11,R1,0.9785654271046698,ok,21.047357433341855,0.9660493567247542
40,11,R2,0.9695793459701662,ok,28.27082835380938,0.9589968015847445
40,11,R3,0.9793423569379078,ok,26.57153188513036,0.9816939208402705
40,11,R4,0.980376387243928,ok,24.82465829082353,0.9801487837770712
40,11,R5,0.9779621754113594,ok,22.10199676760777,0.9681797468505361
40,12,R1,1.034477254128927,ok,18.74362347835504,0.9893856227707297
40,12,R2,1.0350223523166149,ok,23.433993057252312,0.9736356883486676
40,12,R3,1.0269328242009677,ok,22.153836893484705,0.9648913224554653
40,12,R4,1.0281377779080303,ok,20.63154586742864,0.977411451387947
40,12,R5,1.0315616298620705,ok,18.145291650961283,0.9779327681020746
40,13,R1,1.2589111632312322,ok,19.5337475721179,0.996663893035252
40,13,R2,1.3081795569039718,ok,23.200160223281145,0.9951020022693966
40,13,R3,1.1572461201314446,ok,14.223050218827467,0.9683223144356969
40,13,R4,1.2669131265728792,ok,21.88687369004344,0.9938408019362194
40,13,R5,1.2368679124969473,ok,19.51878465851524,0.9975574647611537
40,14,R1,0.9515537133772856,ok,23.84106738261391,0.9961259028319374
40,14,R2,0.9366735668867869,ok,28.953420862988892,0.9979767834290008
40,14,R3,0.9660314090162856,ok,20.14155189666295,0.989250734411463
40,14,R4,0.9588262644582007,ok,27.458610045758803,0.9942191849104534
40,14,R5,0.9811941849553665,ok,18.438217097558116,0.9830669076001323
40,15,R1,1.0151326124067253,ok,23.155850129744138,0.9944809524374053
40,15,R2,1.0193519962314794,ok,26.06364475938124,0.9959366737655215
40,15,R3,1.0073254594304868,ok,24.78084051225132,0.98883987874096
40,15,R4,0.9974402157228736,ok,19.46229912019596,0.9779071048582515
40,15,R5,1.0073808386400425,ok,19.80238811414842,0.9914519483812678
40,17,R2,1.4159340985788675,ok,29.440853414537845,0.9464909379637421
40,17,R3,1.3832345168715103,ok,28.50845568525238,0.9513772772184327
40,17,R4,1.3721554223297427,ok,27.195455411299445,0.9709098522938183
40,17,R5,1.4221454224724912,ok,23.838547661868454,0.9850534712800861
42,1,R1,1.1579827924596793,ok,19.0667752520422,0.9734665734094715
42,1,R3,1.1790815788385898,ok,24.601144004995184,0.974434107983142
42,1,R4,1.1924941234198145,ok,23.717139500497204,0.9523661659855805
42,1,R5,1.2160088531844417,ok,20.314422007651043,0.9765064575691896
42,2,R1,1.19846091445532,ok,18.15650601693089,0.9614203967061946
42,2,R2,1.2561256764880742,ok,24.46838886588697,0.9497937136712278
42,2,R3,1.268771521969588,ok,17.753229083449042,0.9370675938919552
42,2,R4,1.2514952865531295,ok,18.713499866771052,0.9551625039946927
42,2,R5,1.1581725082231908,ok,20.81720861110862,0.9730128903216101
42,3,R1,1.1348488591354693,ok,18.603895504009767,0.980447650343468
42,3,R2,1.157040057929571,ok,18.598496518372084,0.9850738556049673
42,3,R3,1.1528867507867284,ok,19.81167289320512,0.9751473643423575
42,3,R4,1.2102415456923008,ok,19.24857048859139,0.9725412984818187
42,3,R5,1.1536079667661383,ok,16.63921417393172,0.9869523498225753
42,4,R1,1.2423632117468546,ok,17.870853296033047,0.9866985637419085
42,4,R2,1.2769862785177624,ok,17.549345979469333,0.9794765000240365
42,4,R5,1.2511951827840648,ok,21.014461526519025,0.9790162246412368
42,5,R1,1.138102481785375,ok,18.639342089212857,0.9813298110531652
42,5,R2,1.159796894105592,ok,21.82857406915148,0.9650348257996436
42,5,R3,1.2351821010916568,ok,23.632007181167175,0.9728201633278448
42,5,R4,1.3725744277630012,ok,23.754302203497765,0.9734524108825163
42,5,R5,1.1582551899768403,ok,20.914357245773104,0.9812793571907756
42,6,R2,1.0670451535277004,ok,19.300758967816538,0.9834846590455908
42,6,R4,1.0667308637561146,ok,15.390838629377855,0.9908234356471495
42,6,R5,1.0530967226715253,ok,15.651396950379027,0.9900780595220492
42,7,R1,1.0360329188981496,ok,16.74419975282193,0.9848914816962228
42,7,R2,1.0757153673834765,ok,20.079675242838714,0.971156599982076
42,7,R3,1.0656354607597578,ok,21.7794348247335,0.9668556704455532
42,7,R4,1.0700024255724627,ok,21.802007132030262,0.96965401469225
42,7,R5,1.0609192442201818,ok,20.89388833755461,0.9617691462533771
42,8,R1,1.2419400054698306,ok,17.834139155410853,0.9793532736007124
42,8,R2,1.3341691015645576,ok,19.653410120108617,0.9704306654845849
42,8,R3,1.336226735840211,ok,20.854728843041894,0.9637817545107554
42,8,R4,1.3466421842542373,ok,20.11389117483638,0.9907977033277378
42,8,R5,1.3073655092200873,ok,19.83293959398831,0.9626514138413612
42,9,R1,1.1136292490344473,ok,16.71311060902148,0.9850088507739077
42,9,R2,1.198833443064014,ok,17.190411180843515,0.9810760700473609
42,9,R3,1.1795794049175252,ok,16.505245817078773,0.9848931416916091
42,9,R4,1.2535271366505822,ok,16.629687251074447,0.9844116711819167
42,9,R5,1.1734405760231557,ok,19.878938048117245,0.9794214755291044
42,10,R1,1.0173075098466176,ok,17.406206582417244,0.9822796958761065
42,10,R2,1.0294791438797422,ok,21.63835993833083,0.9871960462079583
42,10,R3,1.0197150478154913,ok,26.002221671414166,0.9505817418873388
42,10,R4,1.039752618631872,ok,21.943424703151134,0.9829150308265946
42,10,R5,1.0301592119585692,ok,19.383273174145952,0.9803803680303291
42,11,R1,1.1119739475902912,ok,18.89947327203103,0.9870845054631989
42,11,R2,1.1053265589798336,ok,20.953661003295725,0.974885762613728
42,11,R3,1.1405610460414701,ok,21.266831431551367,0.9800972537302385
42,11,R4,1.123708906089125,ok,22.53998552148541,0.9833433368785356
42,11,R5,1.0800983905389974,ok,14.432643310853207,0.9822704997984735
42,12,R2,1.1922250255053042,ok,16.593499904243895,0.9814912926365787
42,12,R3,1.1133402842799072,ok,13.386622451966351,0.9797462490357721
42,12,R4,1.188372639751945,ok,17.655460599215008,0.9704889163495537
42,12,R5,1.1911594642571346,ok,16.04562697482581,0.9907823503115079
42,14,R1,1.1444898117202962,ok,16.134690395514802,0.9871044590973724
42,14,R2,1.1432661533620292,ok,18.33793316400547,0.9233454631496913
42,14,R3,1.4166823038445302,ok,24.201032570064857,0.9967162337066815
42,14,R4,1.377450466349142,ok,23.906613875522858,0.9945031546682234
42,14,R5,1.2792509560902923,ok,20.017905806504128,0.9950592878009284
42,15,R1,1.420643873641099,ok,17.775265627256537,0.9976100384605582
42,15,R2,1.4532033668275706,ok,19.049720365036507,0.996024640900075
42,15,R3,1.245703311835934,ok,14.578596897548257,0.9361109720892045
42,15,R4,1.4419051794585547,ok,18.94943998456219,0.9904812440169233
42,15,R5,1.6276659333714285,ok,27.853114825869277,0.967337262576468
44,1,R1,1.1829644449053753,ok,18.685227119132794,0.9766458057192396
44,1,R3,1.1649941266782338,ok,22.99776031938947,0.9127840432135028
44,1,R4,1.225707333437553,ok,23.699393444867262,0.9333919667446136
44,1,R5,1.3389126683960864,ok,20.956603663570984,0.9802062946880823
44,2,R1,1.2122313758744978,ok,19.901805629497417,0.9734257222651348
44,2,R3,1.5504116352421404,ok,24.243829995720354,0.9767577111502729
44,2,R4,1.1841120407616148,ok,24.09513171778573,0.9656095150215305
44,2,R5,1.300091609120609,ok,21.810846320088803,0.9735161682268771
44,3,R1,1.088615244233138,ok,11.809549631260136,0.9567831748746896
44,3,R2,1.139084462260063,ok,17.1567678835245,0.9916967826329189
44,3,R3,1.3591070897383157,ok,18.938880936974037,0.9888763505235147
44,3,R4,1.1654857430247931,ok,12.232888571196273,0.9384291839706158
44,3,R5,1.1785450272495643,ok,15.01917269060754,0.983992774940551
44,4,R4,1.1944591285359434,ok,17.173055495938026,0.9571600365196763
44,7,R3,1.1063965601375352,ok,22.064585214236523,0.9725116938308951
44,7,R4,1.132860726306185,ok,23.49402003974226,0.9803299732418683
44,7,R5,1.0928213618242644,ok,21.140396383103738,0.9775937437040512
44,8,R1,1.1545562749293996,ok,17.67266449296494,0.9893664419069396
44,8,R2,1.2665279315360005,ok,17.894655931194784,0.9723371046117945
44,8,R3,1.579834217328208,ok,21.694887843381256,0.9794667146604321
44,8,R4,1.5198648208409347,ok,22.39654738810142,0.9778212965436079
44,8,R5,1.3136492529169692,ok,19.991123686557376,0.9790730213766129
44,9,R1,1.1292500194284194,ok,15.745520854777954,0.9910741373315809
44,9,R2,1.3093067239450389,ok,18.05998209202863,0.9882780784422177
44,9,R3,1.3369203591225411,ok,17.543626242059272,0.9922662753365363
44,9,R4,1.3158107735777869,ok,17.733016927921813,0.9908815207246489
44,10,R1,1.082948577380097,ok,17.281469181318315,0.9908926598713527
44,10,R2,1.1138734009069187,ok,21.420425851439784,0.9883100353491361
44,10,R3,1.1300971430814686,ok,24.115141651175804,0.9655132145975682
44,10,R4,1.1533143024559442,ok,23.562500105922734,0.9774025996338366
44,10,R5,1.1404308328410557,ok,21.01065844994223,0.9721002013667353
44,11,R1,1.090594762081175,ok,13.303749093763725,0.9925599234976514
44,11,R2,1.1564132145227088,ok,20.81356743413789,0.992303715869445
44,11,R3,1.260803012218604,ok,22.556372326921043,0.9817447635271435
44,11,R4,1.235826707118662,ok,22.80854488493403,0.9715631455012917
44,11,R5,1.1976704761748,ok,21.310761503768415,0.978873057015056
44,12,R4,1.2414109791462775,ok,16.999754369334305,0.9929378994391981
44,14,R1,1.5178160532057907,ok,20.7362987561139,0.9986091459942538
44,14,R2,1.362109768103561,ok,23.829582644516364,0.998337792124683
44,14,R3,1.3915436111740696,ok,23.89757168088866,0.9951611858035113
44,14,R4,1.4029926460154503,ok,24.27150011431988,0.9981323777668475
44,14,R5,1.3111815255531933,ok,22.480989255359123,0.9954839530400093
44,15,R1,1.5344891406406014,ok,19.64413475334167,0.9968887025092633
44,15,R2,1.6803118572456717,ok,20.011255946535794,0.994006741941747
44,15,R3,1.4154360995526498,ok,21.746982000698278,0.9971438598158071
44,15,R4,1.4083245383543432,ok,19.986473089485166,0.9946117407915268
44,15,R5,1.4729742326824915,ok,18.33506606274572,0.996013861735293
