species,dTm,T,mu
auris,-35.0,34,0.1268
auris,-35.0,40,0.0573
auris,-35.0,44,0.0235
auris,-34.0,34,0.1404
auris,-34.0,40,0.0646
auris,-34.0,44,0.0272
auris,-33.0,34,0.1551
auris,-33.0,40,0.0725
auris,-33.0,44,0.0312
auris,-32.0,34,0.1708
auris,-32.0,40,0.0812
auris,-32.0,44,0.0356
auris,-31.0,34,0.1876
auris,-31.0,40,0.0907
auris,-31.0,44,0.0405
auris,-30.0,34,0.2056
auris,-30.0,40,0.1011
auris,-30.0,44,0.0459
auris,-29.0,34,0.2247
auris,-29.0,40,0.1123
auris,-29.0,44,0.0518
auris,-28.0,34,0.2448
auris,-28.0,40,0.1245
auris,-28.0,44,0.0582
auris,-27.0,34,0.2659
auris,-27.0,40,0.1377
auris,-27.0,44,0.0653
auris,-26.0,34,0.288
auris,-26.0,40,0.1518
auris,-26.0,44,0.073
auris,-25.0,34,0.3109
auris,-25.0,40,0.167
auris,-25.0,44,0.0814
auris,-24.0,34,0.3346
auris,-24.0,40,0.1832
auris,-24.0,44,0.0904
auris,-23.0,34,0.3589
auris,-23.0,40,0.2004
auris,-23.0,44,0.1002
auris,-22.0,34,0.3837
auris,-22.0,40,0.2185
auris,-22.0,44,0.1107
auris,-21.0,34,0.4089
auris,-21.0,40,0.2376
auris,-21.0,44,0.122
auris,-20.0,34,0.4343
auris,-20.0,40,0.2576
auris,-20.0,44,0.1341
auris,-19.0,34,0.4596
auris,-19.0,40,0.2784
auris,-19.0,44,0.1469
auris,-18.0,34,0.4848
auris,-18.0,40,0.2999
auris,-18.0,44,0.1604
auris,-17.0,34,0.5097
auris,-17.0,40,0.322
auris,-17.0,44,0.1746
auris,-16.0,34,0.5342
auris,-16.0,40,0.3445
auris,-16.0,44,0.1895
auris,-15.0,34,0.558
auris,-15.0,40,0.3674
auris,-15.0,44,0.205
auris,-14.0,34,0.5811
auris,-14.0,40,0.3905
auris,-14.0,44,0.2211
auris,-13.0,34,0.6034
auris,-13.0,40,0.4137
auris,-13.0,44,0.2376
auris,-12.0,34,0.6248
auris,-12.0,40,0.4367
auris,-12.0,44,0.2544
auris,-11.0,34,0.6451
auris,-11.0,40,0.4596
auris,-11.0,44,0.2715
auris,-10.0,34,0.6644
auris,-10.0,40,0.482
auris,-10.0,44,0.2888
auris,-9.0,34,0.6827
auris,-9.0,40,0.5039
auris,-9.0,44,0.3061
auris,-8.0,34,0.6998
auris,-8.0,40,0.5252
auris,-8.0,44,0.3234
auris,-7.0,34,0.7158
auris,-7.0,40,0.5457
auris,-7.0,44,0.3405
auris,-6.0,34,0.7307
auris,-6.0,40,0.5654
auris,-6.0,44,0.3573
auris,-5.0,34,0.7445
auris,-5.0,40,0.5842
auris,-5.0,44,0.3737
auris,-4.0,34,0.7573
auris,-4.0,40,0.6021
auris,-4.0,44,0.3896
auris,-3.0,34,0.7691
auris,-3.0,40,0.619
auris,-3.0,44,0.4051
auris,-2.0,34,0.7799
auris,-2.0,40,0.6348
auris,-2.0,44,0.4198
auris,-1.0,34,0.7898
auris,-1.0,40,0.6497
auris,-1.0,44,0.434
auris,0.0,34,0.7988
auris,0.0,40,0.6635
auris,0.0,44,0.4474
auris,1.0,34,0.8069
auris,1.0,40,0.6764
auris,1.0,44,0.4601
auris,2.0,34,0.8141
auris,2.0,40,0.6883
auris,2.0,44,0.472
auris,3.0,34,0.8204
auris,3.0,40,0.6993
auris,3.0,44,0.4832
auris,4.0,34,0.8261
auris,4.0,40,0.7094
auris,4.0,44,0.4936
auris,5.0,34,0.8313
auris,5.0,40,0.7186
auris,5.0,44,0.5033
duobushaemulonii,-35.0,34,0.0863
duobushaemulonii,-35.0,40,0.0368
duobushaemulonii,-35.0,44,0.0145
duobushaemulonii,-34.0,34,0.0956
duobushaemulonii,-34.0,40,0.0415
duobushaemulonii,-34.0,44,0.0168
duobushaemulonii,-33.0,34,0.1056
duobushaemulonii,-33.0,40,0.0467
duobushaemulonii,-33.0,44,0.0193
duobushaemulonii,-32.0,34,0.1164
duobushaemulonii,-32.0,40,0.0524
duobushaemulonii,-32.0,44,0.0221
duobushaemulonii,-31.0,34,0.128
duobushaemulonii,-31.0,40,0.0585
duobushaemulonii,-31.0,44,0.0252
duobushaemulonii,-30.0,34,0.1403
duobushaemulonii,-30.0,40,0.0653
duobushaemulonii,-30.0,44,0.0286
duobushaemulonii,-29.0,34,0.1534
duobushaemulonii,-29.0,40,0.0726
duobushaemulonii,-29.0,44,0.0323
duobushaemulonii,-28.0,34,0.1673
duobushaemulonii,-28.0,40,0.0805
duobushaemulonii,-28.0,44,0.0364
duobushaemulonii,-27.0,34,0.1819
duobushaemulonii,-27.0,40,0.0891
duobushaemulonii,-27.0,44,0.0409
duobushaemulonii,-26.0,34,0.1971
duobushaemulonii,-26.0,40,0.0983
duobushaemulonii,-26.0,44,0.0457
duobushaemulonii,-25.0,34,0.2129
duobushaemulonii,-25.0,40,0.1082
duobushaemulonii,-25.0,44,0.051
duobushaemulonii,-24.0,34,0.2293
duobushaemulonii,-24.0,40,0.1187
duobushaemulonii,-24.0,44,0.0568
duobushaemulonii,-23.0,34,0.2462
duobushaemulonii,-23.0,40,0.1299
duobushaemulonii,-23.0,44,0.063
duobushaemulonii,-22.0,34,0.2634
duobushaemulonii,-22.0,40,0.1418
duobushaemulonii,-22.0,44,0.0696
duobushaemulonii,-21.0,34,0.2808
duobushaemulonii,-21.0,40,0.1543
duobushaemulonii,-21.0,44,0.0768
duobushaemulonii,-20.0,34,0.2984
duobushaemulonii,-20.0,40,0.1673
duobushaemulonii,-20.0,44,0.0844
duobushaemulonii,-19.0,34,0.316
duobushaemulonii,-19.0,40,0.1809
duobushaemulonii,-19.0,44,0.0925
duobushaemulonii,-18.0,34,0.3335
duobushaemulonii,-18.0,40,0.195
duobushaemulonii,-18.0,44,0.1011
duobushaemulonii,-17.0,34,0.3508
duobushaemulonii,-17.0,40,0.2094
duobushaemulonii,-17.0,44,0.1102
duobushaemulonii,-16.0,34,0.3678
duobushaemulonii,-16.0,40,0.2242
duobushaemulonii,-16.0,44,0.1196
duobushaemulonii,-15.0,34,0.3845
duobushaemulonii,-15.0,40,0.2393
duobushaemulonii,-15.0,44,0.1295
duobushaemulonii,-14.0,34,0.4006
duobushaemulonii,-14.0,40,0.2544
duobushaemulonii,-14.0,44,0.1397
duobushaemulonii,-13.0,34,0.4162
duobushaemulonii,-13.0,40,0.2696
duobushaemulonii,-13.0,44,0.1502
duobushaemulonii,-12.0,34,0.4311
duobushaemulonii,-12.0,40,0.2848
duobushaemulonii,-12.0,44,0.1609
duobushaemulonii,-11.0,34,0.4454
duobushaemulonii,-11.0,40,0.2998
duobushaemulonii,-11.0,44,0.1718
duobushaemulonii,-10.0,34,0.4589
duobushaemulonii,-10.0,40,0.3146
duobushaemulonii,-10.0,44,0.1828
duobushaemulonii,-9.0,34,0.4717
duobushaemulonii,-9.0,40,0.3291
duobushaemulonii,-9.0,44,0.1939
duobushaemulonii,-8.0,34,0.4838
duobushaemulonii,-8.0,40,0.3431
duobushaemulonii,-8.0,44,0.2049
duobushaemulonii,-7.0,34,0.495
duobushaemulonii,-7.0,40,0.3567
duobushaemulonii,-7.0,44,0.2158
duobushaemulonii,-6.0,34,0.5055
duobushaemulonii,-6.0,40,0.3697
duobushaemulonii,-6.0,44,0.2265
duobushaemulonii,-5.0,34,0.5153
duobushaemulonii,-5.0,40,0.3821
duobushaemulonii,-5.0,44,0.2371
duobushaemulonii,-4.0,34,0.5243
duobushaemulonii,-4.0,40,0.3939
duobushaemulonii,-4.0,44,0.2473
duobushaemulonii,-3.0,34,0.5326
duobushaemulonii,-3.0,40,0.4051
duobushaemulonii,-3.0,44,0.2571
duobushaemulonii,-2.0,34,0.5403
duobushaemulonii,-2.0,40,0.4156
duobushaemulonii,-2.0,44,0.2666
duobushaemulonii,-1.0,34,0.5473
duobushaemulonii,-1.0,40,0.4255
duobushaemulonii,-1.0,44,0.2757
duobushaemulonii,0.0,34,0.5537
duobushaemulonii,0.0,40,0.4346
duobushaemulonii,0.0,44,0.2843
duobushaemulonii,1.0,34,0.5595
duobushaemulonii,1.0,40,0.4432
duobushaemulonii,1.0,44,0.2924
duobushaemulonii,2.0,34,0.5649
duobushaemulonii,2.0,40,0.4511
duobushaemulonii,2.0,44,0.3001
duobushaemulonii,3.0,34,0.5697
duobushaemulonii,3.0,40,0.4584
duobushaemulonii,3.0,44,0.3073
duobushaemulonii,4.0,34,0.5741
duobushaemulonii,4.0,40,0.4651
duobushaemulonii,4.0,44,0.314
duobushaemulonii,5.0,34,0.5781
duobushaemulonii,5.0,40,0.4712
duobushaemulonii,5.0,44,0.3202
