variable,mean,sd,q2.5,q50,q97.5,rhat,ess_bulk,ess_tail
b_lnB0_GroupClade1,5.68967345292136,0.08804168292493567,5.515442493617312,5.688990926692791,5.862366981306228,1.0003929378703926,6849.897734914768,7646.3005614805425
b_lnB0_GroupClade2,4.925429628770876,0.0935077683394749,4.745124228943562,4.92503371817552,5.109734593136057,1.0006931489871183,7374.0427275304055,7447.55281729959
b_lnB0_GroupClade3,5.620796087777687,0.08660632747451387,5.44763648995379,5.619948327300923,5.7944047514696635,1.0003154807014891,7473.365178813798,7667.660276684546
b_lnB0_GroupClade4,5.613435288780152,0.08549432794976584,5.446305356446382,5.6129408959347575,5.780881742411861,1.0004147639088994,6927.3030137892265,8138.017556619216
b_lnB0_Grouppara,6.819990098182901,0.09133071772390004,6.640794256804199,6.820227238175943,7.003812057816387,1.0013483548898303,6111.03711417257,7138.711209475761
b_E_GroupClade1,0.9164414475848883,0.06707484346814488,0.7953738811963684,0.9136141548351577,1.0548675867878177,1.000089897637496,8457.515244550492,7286.0655990246505
b_E_GroupClade2,1.1452022915068871,0.07254899096091633,1.0101970135954261,1.142916641248109,1.2948776814264655,1.0005086336091447,7917.158096783634,7845.165974530323
b_E_GroupClade3,0.949010118237864,0.06144086387020244,0.8322911786009546,0.9468457138840922,1.0736487971757362,1.00029326728103,8909.249103973472,8008.218640764066
b_E_GroupClade4,1.0213598842922595,0.06520570476699462,0.8994710924569406,1.0192203317623605,1.1539593523910312,0.9999416105876312,9491.061138624773,8205.973614903167
b_E_Grouppara,0.8325417473353675,0.07314644013512789,0.6988865418055611,0.8296673722683561,0.9850897909781593,1.0001266277174186,8531.615663164133,7241.376854862801
b_Eh_GroupClade1,2.379846226951018,0.1323395419470683,2.140595686383844,2.372867210051629,2.654844975395023,1.0001252595424568,9289.144695176563,8937.185194517353
b_Eh_GroupClade2,3.1895287660549143,0.18506425618896152,2.855777276951127,3.179755627912983,3.5842258797725552,1.0001935230734713,8624.585848881912,8724.566772733015
b_Eh_GroupClade3,2.373179452718363,0.11427594993022538,2.1719856635359625,2.365974092607349,2.6198091303330204,1.0004101884405765,9857.902304001636,9385.444261889976
b_Eh_GroupClade4,2.219890266802531,0.11786582158804375,2.017109793215271,2.2101797139207138,2.4736031374438676,1.000145838942015,9925.006229483075,8758.21522358871
b_Eh_Grouppara,3.218324859454626,0.2850737845887204,2.716094943994456,3.196441049950053,3.8301429220241223,0.9999963169389262,9932.649565094456,8671.23920813344
b_Th_GroupClade1,309.93448652206405,0.8843751792487783,308.13339671549926,309.9619124903689,311.6016348932944,1.000138290758668,7654.025410816018,6598.988707401787
b_Th_GroupClade2,309.2241000735638,0.673800583007101,307.8609056658293,309.2411122989706,310.4872638883204,1.0002537393038315,7077.299377285927,7317.33729746947
b_Th_GroupClade3,310.0735438080093,0.8151536707775726,308.4443180480073,310.083150399739,311.6430300926804,1.0008016244938889,7986.36033854963,7136.786401192303
b_Th_GroupClade4,309.949705407363,0.9196280259490449,308.10675361347717,309.96418984161085,311.6836808009897,0.999939630027897,8656.499262712643,7588.223155789145
b_Th_Grouppara,308.9147568101115,0.6951716438821836,307.47025354796284,308.9429850380601,310.184306922497,1.0002340640491305,7922.74175486721,6770.820615730715
sd_Isolate__lnB0_Intercept,0.13301341648845483,0.03863993088444759,0.07927109592277468,0.12606654619309948,0.22627449718801879,1.001718547029024,4714.753162490979,6827.608639399851
sd_Isolate__E_Intercept,0.02395793207573907,0.018796050134452492,8.201573127469973e-4,0.020214138186711965,0.06987791978024742,1.0011468345027434,3851.4418098511146,6356.232657395236
sd_Isolate__Th_Intercept,0.4406950762228175,0.20309910888735663,0.0725198734924134,0.4207509323035055,0.8921237136931403,1.0005419635043291,3379.1018639751883,2822.966628449737
sigma,0.1226901071200826,0.006824562774878952,0.10977141715095237,0.12251954038877617,0.13626596814509626,1.000068509095582,11388.973448956049,10280.353123028948
nu,4.081243579308677,0.7847916953354851,2.8836114563971833,3.9667233776821473,5.9099590810157805,1.000338872380668,11730.247815479535,9532.70046028202
"r_Isolate__lnB0[Clade1_2068,Intercept]",0.01459461431186521,0.08289232312390023,-0.14987248587611446,0.014675893048216586,0.18123833147157187,1.000769434809226,7040.448673695402,7760.10919465496
"r_Isolate__lnB0[Clade1_2069,Intercept]",0.004748018752154141,0.08362218204023027,-0.15944217751471348,0.004705289919757856,0.16994496007275503,1.0001869273550015,7543.401081426434,8013.88836840143
"r_Isolate__lnB0[Clade1_2070,Intercept]",-0.021826719411460506,0.08360973664596759,-0.1891795773177361,-0.020189161855362313,0.1404222129694201,1.0006583571619891,7248.697658534661,7712.09294508031
"r_Isolate__lnB0[Clade2_2071,Intercept]",0.21393341124427526,0.08572517057047865,0.051508267998365734,0.2120222094080014,0.39136232312324404,1.0007564762939565,7807.45503781872,8002.488614291659
"r_Isolate__lnB0[Clade2_2072,Intercept]",0.008039867798273417,0.0838415521859944,-0.161776585840647,0.008344035414641071,0.16966998149055879,1.0007318910956566,8006.237789843716,7353.435441052641
"r_Isolate__lnB0[Clade2_2073,Intercept]",-0.23324135330139598,0.08626312339650068,-0.4143905470510109,-0.22936839688926206,-0.07279252924743383,1.0004228510859903,8197.417281681612,7380.521793287421
"r_Isolate__lnB0[Clade3_2074,Intercept]",-0.050551252923997654,0.08317308630084418,-0.21862021043635155,-0.05040212952238313,0.11662464277955494,1.0003458890292263,7708.730778376695,8188.329283658208
"r_Isolate__lnB0[Clade3_2075,Intercept]",0.06110926611523109,0.08276650155582219,-0.10290016020914365,0.06094381103301692,0.23053204978403583,1.0003081031876204,7761.994107434815,8292.985070641076
"r_Isolate__lnB0[Clade3_2076,Intercept]",-0.009282317126530696,0.08317610986122083,-0.17852754174808189,-0.009178232120372252,0.15620042103571935,1.0007179356902418,7777.6666949407645,7827.918363291854
"r_Isolate__lnB0[Clade4_2077,Intercept]",-0.07623979490166195,0.08215776321846355,-0.24487623492086524,-0.07558764445899074,0.08393107199067978,1.0003527613632741,6956.6733729645775,7675.283037106817
"r_Isolate__lnB0[Clade4_2078,Intercept]",0.037490109869947726,0.08199247361904208,-0.12589026977905138,0.0368205617538345,0.2009984071785814,1.0005842683961357,7037.978159651868,7518.3511140783085
"r_Isolate__lnB0[Clade4_2079,Intercept]",0.03509854637112569,0.08217048393318596,-0.12872729261784022,0.03502347306207094,0.19755294506108811,1.000677858632838,7034.544521935999,8140.80611452263
"r_Isolate__lnB0[para_2051,Intercept]",-0.0596380733368488,0.08384085838122246,-0.22796098946808407,-0.05973942968398731,0.10832400068461263,1.0005584729137669,6467.107268118234,7438.596337209157
"r_Isolate__lnB0[para_2052,Intercept]",0.08223980277259405,0.08403920285671934,-0.08397614556368274,0.08242795529317386,0.24889380162538063,1.000748025261078,6648.816267680137,7468.789665351225
"r_Isolate__lnB0[para_2053,Intercept]",-0.024445631546537613,0.08409046232199945,-0.1943754247974247,-0.02431780508256374,0.1404444531206211,1.0007730816865414,6541.118732712846,7195.641685256503
"r_Isolate__E[Clade1_2068,Intercept]",-0.007166276701383276,0.024267305961486497,-0.06540567803467635,-0.002893849436659145,0.03702555654724353,1.0005107630407049,12773.674609572836,8650.101839097802
"r_Isolate__E[Clade1_2069,Intercept]",-7.839064031599283e-4,0.02640422381237009,-0.05819778591872159,-1.6679424096103487e-4,0.055906440038261104,1.0002386852450866,8515.481966413065,7809.710245203021
"r_Isolate__E[Clade1_2070,Intercept]",0.009821771816715206,0.027702682584570905,-0.03856829315864933,0.003839766185410547,0.0777272583108172,1.0005080029704505,7855.225104267197,7277.224219148455
"r_Isolate__E[Clade2_2071,Intercept]",-0.0178983064754356,0.030981978982004072,-0.10024475069179185,-0.008306478924761586,0.024640120547004034,1.001187470836056,7636.681964266185,8642.034907353147
"r_Isolate__E[Clade2_2072,Intercept]",0.010792444164468581,0.026454770757284463,-0.03288289918778727,0.00432975434458565,0.07718127816240077,1.0004029197605964,11678.790615182077,9126.231457120004
"r_Isolate__E[Clade2_2073,Intercept]",0.010277866658866196,0.027650158616125273,-0.03438007101616308,0.003564091810679116,0.08074955219569424,1.000581924592177,9800.68555482377,8486.362041427186
"r_Isolate__E[Clade3_2074,Intercept]",0.007451536574012474,0.025259445241020275,-0.039282878341138285,0.002998864534630696,0.06790293779561801,1.0002144363921213,9835.351259461328,9416.4069259366
"r_Isolate__E[Clade3_2075,Intercept]",-0.005306271493862051,0.024509220006977875,-0.06120999320556913,-0.002064362416957912,0.04194714378995187,1.0004151300704438,11514.564230734739,8353.087455940211
"r_Isolate__E[Clade3_2076,Intercept]",6.896528093778677e-4,0.02357124605447641,-0.048622465736510155,1.1037459073085618e-4,0.0522463325410161,1.0006047949907617,13149.408023593642,9275.643872301276
"r_Isolate__E[Clade4_2077,Intercept]",0.008237987827095328,0.025260617092235968,-0.03625503968255174,0.0032126426154450985,0.0696346954883927,1.0000318551155374,9864.497872265109,8196.9975554187
"r_Isolate__E[Clade4_2078,Intercept]",-0.0015235347300336557,0.02333346366975893,-0.0512597567801506,-4.673015172945434e-4,0.04805600403824697,1.0002145039192942,15191.410105453271,9629.060392576877
"r_Isolate__E[Clade4_2079,Intercept]",-0.0036391796285406897,0.02413060815289332,-0.058709482393559546,-0.0011252879655082675,0.04543964600018286,1.0005177251900628,11680.047681769378,9480.8241489784
"r_Isolate__E[para_2051,Intercept]",-0.004545112052605065,0.025771048742032888,-0.0656894207652965,-0.0012981351087934904,0.04639394569413295,1.0002281978218066,14596.298584176937,9592.659731100843
"r_Isolate__E[para_2052,Intercept]",0.005857208581549353,0.025456120833106756,-0.041903054045622466,0.001940557268970679,0.06731974453895213,1.000587979950501,12398.833628639373,8822.52448754978
"r_Isolate__E[para_2053,Intercept]",-3.0624084205074944e-4,0.025620619471521496,-0.055178890036546156,-5.164630817258799e-5,0.05501882010802955,1.0004775990103971,14497.886499956136,9092.19989215469
"r_Isolate__Th[Clade1_2068,Intercept]",-0.08168648566190446,0.3544023622633845,-0.8186179445338719,-0.05932260453478108,0.6097196336555523,1.0000054454724088,12505.13163595907,9296.857147384157
"r_Isolate__Th[Clade1_2069,Intercept]",-0.49323884074771684,0.40563090345003805,-1.393520769052611,-0.4516932989511105,0.14740356119412987,1.0005259464841187,6478.19720855771,9731.711370690022
"r_Isolate__Th[Clade1_2070,Intercept]",0.48972724774963883,0.39447711657133405,-0.15361708626923729,0.4646306942314147,1.3522736266505566,1.0000264732620376,7560.615140464588,9964.361277783539
"r_Isolate__Th[Clade2_2071,Intercept]",-0.25806557094054616,0.34214022105228775,-0.9666400919302993,-0.23446629840686423,0.3728110531602421,1.0002020934611737,8988.544078315721,8965.601860096534
"r_Isolate__Th[Clade2_2072,Intercept]",0.06644019124733361,0.32960583852162806,-0.6180180707896793,0.06012933057514641,0.7171125277517515,1.0000243993656615,11794.358872841225,9315.695585049241
"r_Isolate__Th[Clade2_2073,Intercept]",0.09957753234220718,0.33188664330172335,-0.5914102829630736,0.0914906940860671,0.7656468930701593,1.0005463145559856,11856.732173781944,9579.522656614232
"r_Isolate__Th[Clade3_2074,Intercept]",0.24639266221590841,0.360423237135446,-0.4172731693905287,0.22447262236988286,1.0199017831433979,0.9997873156940931,10394.16447767264,9808.050966532159
"r_Isolate__Th[Clade3_2075,Intercept]",-0.24623046261189108,0.3599187725993734,-1.0343071704957323,-0.21654675211959146,0.41990264616426237,0.9999854706059955,9875.161065303786,9654.095754164518
"r_Isolate__Th[Clade3_2076,Intercept]",-0.09521943632662773,0.3449363074553839,-0.8332829440309181,-0.0730316641678505,0.5627817091333078,1.0000106792045749,11419.572520737524,9210.521879169244
"r_Isolate__Th[Clade4_2077,Intercept]",0.30749014558571974,0.36595804421211064,-0.3630156312894074,0.27918269538928486,1.0995993309041918,1.0003703890285895,9400.989730794978,9882.719647787779
"r_Isolate__Th[Clade4_2078,Intercept]",-0.0864373018883636,0.35102778437176224,-0.8215400734406416,-0.06998409859151146,0.5877117161938493,1.0000702836030213,12477.383273241812,9198.746123242356
"r_Isolate__Th[Clade4_2079,Intercept]",-0.30016241680824174,0.37708609114601654,-1.1290276071809076,-0.26136038370047726,0.35777414318222334,1.0011574634413656,9998.19524474127,8969.436767751806
"r_Isolate__Th[para_2051,Intercept]",-0.0990871908493457,0.35817040627525104,-0.8629370319109338,-0.08213638638118734,0.6166605327169419,1.000032325015309,13030.508678235645,9420.963926428956
"r_Isolate__Th[para_2052,Intercept]",0.11971997137192508,0.3415580736866316,-0.5575244722485638,0.10502587946336052,0.825554997487587,1.0001642171449308,12377.288371758339,9781.722102269736
"r_Isolate__Th[para_2053,Intercept]",-0.12458284600088927,0.34252232491800066,-0.8440266740975781,-0.10631828366252419,0.5397703573953471,1.0000636304870358,11918.996738092466,9426.567792065856
lprior,-46.58712442392271,1.1713632762389632,-49.01534656106401,-46.53156396250479,-44.40370934727533,1.000445484321346,7072.168943562713,6844.6254171788
lp__,223.7650343922394,7.29740915033905,208.70715385653648,223.97157800470373,237.5643465355978,1.0029698887233374,2601.3370286671757,5711.289071444174
