T,OTU,Replicate,r,K,O2_0,T_end_min,delta_Ninoc_to_N0_min,N0_cells_per_L,growth_fgC_h,respiration_fgC_h,CUE,resp_over_growth
42,1,R1,0.010253561620542258,0.009720121198873688,8.824304064147176,193.55,69.2,85388897.15303612,799.777806402296,2563.7629021892644,0.23777854222468822,3.2055939558038533
42,1,R3,0.008896404229301092,0.02219916048890919,8.869780112716589,118.38,90.2,93702538.4162901,693.9195298854852,5335.716889577588,0.11508480472314736,7.689244443744248
42,1,R4,0.010642555612120831,0.01390681343291348,8.01128633102629,135.39999999999998,72.2,90564484.55381343,830.1193377454249,3458.416479896322,0.19356707581421229,4.166167829904144
42,1,R5,0.012702914860432837,0.014857317242748119,8.061024253012919,122.36999999999999,76.2,110568112.15433452,990.8273591137612,3026.342560903779,0.24664810770798434,3.0543591000663026
42,2,R1,0.007477827312154406,0.013928228556034226,7.8715509778262875,179.57,59.1,65340314.04170268,583.2705303480437,4800.895474356789,0.10833071079873204,8.230992694748428
42,2,R2,0.007181485806657076,0.013287728841469162,8.738107404969501,147.48000000000002,73.2,71047905.8170193,560.1558929192519,4212.181331249452,0.11737558906827372,7.519659052942697
42,2,R3,0.010656467476803119,0.009122657436771006,7.136411812456141,166.53,49.1,70873895.02104583,831.2044631906433,2898.962846267264,0.22283302442845102,3.4876651589903265
42,2,R4,0.009121751682462674,0.009864096045831793,6.866812032553583,185.6,58.1,71353285.53705713,711.4966312320886,3113.5145537915555,0.18601164723854016,4.376007442789893
42,2,R5,0.005153853034470844,0.025783515215560025,8.701113398929985,132.39999999999998,75.2,61882620.10235974,402.0005366887258,9383.849131857633,0.041079778486771,23.34287712437476
42,3,R1,0.010310944829604776,0.009058398649417918,8.706551844210367,188.53000000000003,73.2,89338343.99896477,804.2536967091726,2283.6056814897097,0.26045671068683374,2.839409617678746
42,3,R2,0.011656141915893413,0.015322870477436756,8.419353259512638,130.38,78.2,104499252.27396801,909.1790694396863,3302.4369201031604,0.21587416129512177,3.6323283620446785
42,3,R3,0.011148287002607445,0.014005573227570412,9.309248222869314,153.48000000000002,73.2,94985497.95800409,869.5663862033807,3320.86459483731,0.2075123991154305,3.8189891508301717
42,3,R4,0.015571933174724235,0.01207209212461136,8.720935042183894,133.39999999999998,69.2,123377331.34324814,1214.6107876284902,2203.7115712180544,0.3553236529858291,1.8143355827760832
42,3,R5,0.01266087132979458,0.016356985495554893,8.333560570423817,121.36999999999999,72.2,104771787.06976175,987.5479637239772,3516.1427643264474,0.2192752618587269,3.5604779651079514
42,4,R1,0.004222097240816431,0.007826633849034755,8.846036027714081,287.97,77.2,58184298.04377415,329.32358478368167,3029.5407667414756,0.09804611032718422,9.199282732001867
42,4,R2,0.004917088488970548,0.005645013759743632,6.972150130521573,286.96999999999997,68.2,58733781.37623723,383.5329021397028,2164.6347484868215,0.15051321369902904,5.643934943809197
42,4,R5,0.0037672802094945333,0.019719023010002678,9.076376290355798,181.57,81.2,57029733.449581675,293.8478563405736,7787.384803354265,0.03636176171565265,26.501417775628017
42,5,R1,0.0025217730469319077,0.006261059719939484,8.913099242801126,399.40000000000003,74.2,50642197.85052242,196.6982976606888,2784.4721848078957,0.06598022448478393,14.156056345801243
42,5,R2,0.002548725135589741,0.008598057559041365,8.818815737304892,363.23,73.2,50614408.9800838,198.8005605759998,3825.9012952238154,0.04939510246939592,19.244922067315827
42,5,R3,0.0033020251381586183,0.013278875193046937,9.160001406766485,231.76999999999998,85.2,55645552.75953639,257.5579607763722,5374.504259856256,0.04573066679427447,20.86716420511938
42,5,R4,0.004919194166849843,0.010311873767151071,8.806836591964625,235.79999999999995,86.2,64180803.5247744,383.69714501428774,3618.5953536720267,0.09586934116890004,9.430863379338621
42,5,R5,0.002552651221722051,0.01328835631371458,9.266959980347455,244.82,83.2,51937974.052084975,199.10679529431997,5762.273171400066,0.0333994471761084,28.9406153259725
42,6,R2,0.003163996849437617,0.013863929199973722,9.600899404336522,231.76000000000002,79.2,53960816.82132621,246.79175425613414,5786.492573206666,0.040905042902216145,23.446863492858533
42,6,R4,0.0038836263808923,0.012400405740290932,8.528758320372546,288.97,72.2,55593564.212540425,302.9228577095994,5023.645211946275,0.056870174894652174,16.583909348835775
42,6,R5,0.003063692631702032,0.013253334595873047,8.753094607315518,242.8,72.2,52397989.710742205,238.9680252727585,5696.631413401833,0.04026013341057253,23.838467120861417
42,7,R1,0.008063280585428583,0.009696553102421365,9.136970764845474,202.63000000000002,70.2,73973869.4556811,628.9358856634294,2952.205784954788,0.1756244079433069,4.693969373111332
42,7,R2,0.014943825848497634,0.006395898066976522,9.257009844263175,172.51999999999998,71.2,121713511.72615846,1165.6184161828155,1183.505618240275,0.49619279318687565,1.0153456755736896
42,7,R3,0.012299628515896083,0.006924646771281743,8.829844304580872,192.60000000000002,74.2,104616580.67885596,959.3710242398945,1490.7495494645764,0.3915607397187678,1.5538821913510372
42,7,R4,0.012868573449115135,0.006086900250245145,8.496999715675674,198.62,76.2,111972680.23936272,1003.7487290309805,1224.310838505426,0.4505035429285394,1.2197383698681008
42,7,R5,0.01228816145606554,0.006624785726658511,8.928081991939111,195.6,68.2,97098140.96933188,958.476593573112,1536.6271567451738,0.38414298140942826,1.6031973728401336
42,8,R1,0.00899400929739949,0.008892619035961143,9.290484179851399,212.66,69.2,78261443.50971116,701.5327251971602,2559.1127263439066,0.21515148936711206,3.64788788096049
42,8,R2,0.011179155444634438,0.008839998842475763,8.950877328035283,191.58,69.2,91037105.3995432,871.9741246814863,2186.9625739904814,0.2850579173671859,2.5080590261658653
42,8,R3,0.010829569412566614,0.01018017134059518,9.030650535113626,188.57,69.2,88861219.53413516,844.7064141801958,2580.182359456129,0.24663761949949148,3.054531510761933
42,8,R4,0.010568055212872641,0.012455339649605629,8.991512869439028,154.47,94.3,113776639.61816843,824.308306604066,2465.5286613375956,0.2505620535718545,2.9910273153681137
42,8,R5,0.010570068462904878,0.00909275218247243,8.83944211350976,197.60999999999999,65.2,83666451.77756734,824.4653401065805,2447.662796405733,0.25196609231365835,2.9687879857864226
42,9,R1,0.006040609739010094,0.00910397779922335,9.272380248823367,250.83,70.2,64181847.53005269,471.16755964278735,3194.674084973016,0.128529163373659,6.7803354021126525
42,9,R2,0.010021217145821394,0.007358453944027879,8.99691374943832,219.72000000000003,68.2,83189124.79028215,781.6549373740687,1992.1755425334247,0.28179621755405065,2.5486636714993964
42,9,R3,0.009389986124874204,0.009686291881425358,9.42563736210796,199.62,69.2,80435583.41988505,732.4189177401879,2712.170068434601,0.21262882761334553,3.703031151629392
42,9,R4,0.012770342571915014,0.008022405114436068,9.134033322695863,186.55999999999997,69.2,101633918.634656,996.0867206093711,1777.7615205820184,0.35909921307790943,1.7847457292618518
42,9,R5,0.0076838259682053345,0.012889615332947319,9.284632286340868,183.55,77.2,76009701.46757697,599.3384255200161,3819.253746213645,0.1356401320207975,6.372449326772046
42,10,R1,0.009916359905120919,0.006569785481099208,8.353131353841402,208.65000000000003,70.2,84250801.59120332,773.4760725994316,1756.243503485121,0.30575565762771295,2.270585433344938
42,10,R2,0.012538463819129484,0.010119300853604914,8.391973583592272,147.43,94.3,137009019.08894682,978.0001778920998,1663.4468701637593,0.3702516689145524,1.700865611035996
42,10,R3,0.014755773402243988,0.006328878948399324,9.65449659810077,181.52999999999997,78.2,133162621.36456184,1150.950325375031,1070.414630680773,0.5181275243571986,0.9300267848935913
42,10,R4,0.017693842804895058,0.006749266282724166,8.461930825517118,149.42000000000002,89.3,203920412.06005886,1380.1197387818145,745.4241284257503,0.6493019316486505,0.5401155475710472
42,10,R5,0.0158919284489626,0.006696679635916553,8.240521916548143,166.5,76.2,140982330.38321632,1239.5704190190827,1069.7995758970421,0.5367569604471731,0.8630405820297112
42,11,R1,0.014559265601808159,0.005534982318432026,8.175550421651268,183.55,82.2,138995457.22359645,1135.6227169410365,896.8570258039229,0.5587375328067599,0.7897491063050733
42,11,R2,0.013190096622610987,0.008426561230670794,8.429133343440435,168.5,77.2,116273488.71839018,1028.827536563657,1632.2146093900972,0.38662579550949244,1.5864802907995519
42,11,R3,0.016610491365816,0.007352952178478565,8.30752022750088,153.45,83.3,167556992.82381234,1295.618326533648,988.3408986868519,0.5672685887851457,0.7628333734141449
42,11,R4,0.013669828417589397,0.008994735858428452,8.286923862128509,153.45,92.3,148323363.84813595,1066.246616571973,1365.797870405235,0.43841575361033486,1.2809399337616019
42,11,R5,0.014180648006647121,0.0025024664768147666,6.777526499447897,196.6,58.2,95869062.89271371,1106.0905445184753,587.8917550489327,0.6529528347497713,0.5315041864903249
42,12,R2,0.012353778710721656,0.01161193786228904,8.935473524736585,154.48999999999998,66.2,95153346.97828703,963.5947394362892,2748.452384520983,0.25958580461366487,2.8522907733274363
42,12,R3,0.009410093368074947,0.008821885187693189,7.84964658395783,170.5,52.2,68640071.1740317,733.9872827098459,2894.618007103524,0.2022780721756587,3.9436895914827477
42,12,R4,0.011867380776842778,0.011049580607285704,8.467966158859001,158.48000000000002,62.2,87866683.24207756,925.6557005937367,2832.2340820213717,0.24632327027685594,3.0597057633899
42,12,R5,0.01229972820561265,0.011376310163511706,8.794472657046661,143.42000000000002,75.2,105912065.52884267,959.3788000377866,2419.1542993574544,0.2839631200326307,2.521584070090117
42,14,R1,0.005000150048279955,0.003120581452448714,8.149682338805293,392.42,70.2,98014657.90904824,240.00720231743782,717.0543547945717,0.2507750943854373,2.987636820357511
42,14,R2,0.006428389532045566,0.0021204925118233687,7.388296731625187,352.25,47.1,93399281.41322121,308.5626975381872,511.32943224034057,0.37634548049819344,1.6571330116047462
42,14,R3,0.008187895276647917,0.0033017839466985286,9.419392906769449,263.98,138.4,214285922.7537463,393.0189732791,347.0264626782555,0.5310741127275156,0.8829763606140633
42,14,R4,0.007706179969715677,0.0023111306739559633,9.95431249376982,340.25,124.4,179963723.2052053,369.8966385463525,289.2325159600928,0.5611899216069883,0.7819279382930875
42,14,R5,0.007057717119767921,0.002497138627769813,9.444563295374541,362.31,106.3,146107380.52608433,338.7704217488602,384.9267398153855,0.4681107509342996,1.1362465997717541
42,15,R1,0.009203775939750409,0.003857163090981944,9.334015576283111,278.98,107.3,185243590.2304949,441.7812451080196,468.9563232650298,0.4850807306623158,1.0615125210903094
42,15,R2,0.009194587613032008,0.00499577830130287,9.527826987526085,250.87,105.3,181689026.5321488,441.3402054255364,619.2728534405392,0.41611801941924303,1.4031643748464784
42,15,R3,0.009104473285498004,0.0028334090736918185,7.88044173840336,304.03,40.1,99404350.8017261,437.0147177039042,641.9651764611486,0.405025821210579,1.4689783900964795
42,15,R4,0.009236123934141352,0.0029228270870801393,9.627520489198465,314.15000000000003,88.2,155824852.41721705,443.33394883878486,422.44870440923,0.5120614823773629,0.952890491503619
42,15,R5,0.009166932606179271,0.0036819443160027703,9.33998401293543,275.96000000000004,95.3,165292260.36230144,440.012765096605,501.6863453509208,0.4672540944500805,1.1401631614954975
44,1,R1,0.006006650679664937,0.007373855644191559,8.655408801984029,272.83,70.2,64029024.988366194,468.518753013865,2593.7333488325703,0.15299809990541402,5.53602888283068
44,1,R3,0.005166422267129203,0.011592862530819505,7.581854071014355,201.65999999999997,56.1,56120766.16866131,402.98093683607783,4652.3746196768125,0.07971366847123373,11.544900004957995
44,1,R4,0.006339787615797831,0.008754672268208514,7.749770045080033,218.7,64.2,63097678.82529761,494.50343403223076,3124.8853861891225,0.13662622575100625,6.319239000442308
44,1,R5,0.009231639053165822,0.013396322120270643,8.50466425019431,151.5,82.2,89703550.34143943,720.0678461469341,3363.4388240671806,0.1763356605731167,4.671002659075616
44,2,R1,0.004294257592667389,0.00904879287795415,8.562472748967153,273.83,72.2,57266454.52795622,334.95209222805636,3558.7537261122725,0.08602398533817018,10.624664866070608
44,2,R3,0.007989669252289557,0.009419998691964976,8.674347454760952,195.64,91.2,87036489.83327591,623.1942016785854,2437.5697858852445,0.20360740135818434,3.9114128137258084
44,2,R4,0.0031538776189850375,0.016626007726245125,8.46126365347092,190.63,81.2,54258761.459866434,246.00245428083295,6901.217027315834,0.03441932277499848,28.05344787104238
44,2,R5,0.005342198985062348,0.021593074365464933,8.693242677944504,143.48000000000002,79.2,64120990.67184513,416.6915208348631,7584.41066305332,0.05207926498851055,18.20149987179379
44,3,R1,0.004716406847405704,0.007758386180876637,6.928933392711013,241.77,37.1,50031275.12195431,367.8797340976449,3492.5079617288825,0.09529605912260067,9.493613368769804
44,3,R2,0.004555968722081492,0.014704670664949517,8.548695532818813,193.65000000000003,82.2,61079130.647708006,355.3655603223564,5422.131405177202,0.061508567195176236,15.257897811647032
44,3,R3,0.009790706459864,0.014991660673193368,8.911783519264876,145.48,85.2,96721702.51497674,763.675103869392,3490.8677373920245,0.17949639535019285,4.571142518205035
44,3,R4,0.008642374674661479,0.006392055638094451,7.212479694607556,220.68,34.1,56394666.853016905,674.1052246235954,2552.7606362180604,0.20890401203345035,3.7868874813178643
44,3,R5,0.006689450814968761,0.01502397767583317,7.958433099068912,138.45,62.1,63629965.42653612,521.7771635675633,5317.785624034138,0.08935209407721025,10.191679504857353
44,4,R4,0.0018768360542921316,0.007208881437213491,7.079572458031501,312.03000000000003,54.1,46488568.73989163,146.39321223478626,3492.44270869669,0.040230781331111035,23.856589082118713
44,7,R3,0.00784311417290156,0.008539839001990799,8.682808663474061,222.74999999999997,79.3,78228072.94483244,611.7629054863216,2458.63825340726,0.19924526920995894,4.018939741782419
44,7,R4,0.0088827283961801385,0.010336141354164509,8.299302531285578,179.65,92.3,95349153.029198125,692.8528149020508,2441.457584262926,0.2210543075397498,3.523775225778764
44,7,R5,0.007080088282820335,0.010088222385696947,8.632173067970463,201.70000000000005,80.3,74158204.32160392,552.2468860599862,3063.81843786505,0.1527203843376793,5.547914375260509
44,8,R1,0.0026386376855406578,0.010205972443706258,8.998088845484357,249.83000000000004,80.3,51912116.6522827,205.8137394721713,4427.853441373937,0.044417031141755346,21.513886549700636
44,8,R2,0.004426641080599154,0.004663367995767998,6.778152723844426,357.15,64.2,55804804.93676236,345.278004286734,1882.0695865095279,0.1550175669542891,5.450881791319016
44,8,R3,0.00696912501113002,0.009197446525928932,8.774014146713528,213.73999999999998,84.3,75578122.52544507,543.5917508681416,2740.8088984041588,0.1655071378056697,5.042035487159174
44,8,R4,0.006199247515298017,0.008954884119432478,8.824343588460417,226.77,85.3,71269283.72759216,483.54130619324525,2829.86136187491,0.14593496614619705,5.852367368888166
44,8,R5,0.004515097068494229,0.011284379219849346,9.079164177590505,267.88,77.3,59542278.40661153,352.1775713425499,4268.3478658604645,0.07622024294183669,12.119874214558662
44,9,R1,0.0034651871332713954,0.008747503436598315,8.787608590257106,296.98,74.3,54333067.651957974,270.2845963951688,3625.9973220397587,0.0693698767320558,13.41547898178548
44,9,R2,0.006735028450751156,0.008759819223616658,9.51566336935731,228.76,80.3,72131612.58249642,525.3322191585901,2735.124410751548,0.16112228401979045,5.2064661389554985
44,9,R3,0.007412002589509869,0.009454247409653916,8.490420376552457,210.72,85.3,79036789.91320413,578.1362019817698,2694.047529741003,0.1766820720905506,4.659883813721033
44,9,R4,0.006949675792236264,0.010255751506588775,8.735915628890167,208.72,83.3,74931743.44659686,542.0747117944286,3082.5436513540644,0.14955359640223204,5.68656604760242
44,10,R1,0.0081639035566636875,0.00690094566799786,8.5648597016496,229.7,81.2,81498008.72159459,636.7844774197677,1907.0812395308244,0.25032157679419503,2.994861381135204
44,10,R2,0.009001875255617056,0.010520411054239355,9.086433990069425,178.57,95.3,99042428.6101558,702.1462699381304,2392.31856829838,0.22690394192304775,3.4071512884476034
44,10,R3,0.009936573837359491,0.008683425625684912,8.917591302568049,203.61999999999998,81.2,94115185.88679703,775.0527593140404,2077.9685383756873,0.2716603482566533,2.681067209172691
44,10,R4,0.011296442263318596,0.009407031994435029,8.77225658560587,179.57000000000002,89.3,115173756.29820067,881.1224965388504,1839.5291454566996,0.3238645047157021,2.0877110193901296
44,10,R5,0.011923730152991526,0.006616747781701841,8.733711294630256,200.63,75.2,102959337.19718076,930.0509519333391,1447.3928589786858,0.391197868763324,1.5562511451334196
44,11,R1,0.007016183812371023,0.003986803808934764,6.824022561333579,316.02000000000004,65.2,66362013.22887723,547.2623373649399,1353.0470384126418,0.2879859165779295,2.472392024869724
44,11,R2,0.0075201183401713955,0.011847074690129128,9.116959378651252,190.59999999999997,101.3,89968319.80018103,586.5692305333689,2965.712856466189,0.16512462022091715,5.056032096619624
44,11,R3,0.011387414090436318,0.0073568164437916896,9.594991130729037,186.59,90.3,117443000.13514179,888.2182990540329,1410.815968491563,0.38634408873003767,1.5883662495966422
44,11,R4,0.010587287834401412,0.008290544974281881,9.07509164406518,197.61,81.2,99221764.50089572,825.80845108331,1881.844425423685,0.30499051715544995,2.2787904664272305
44,11,R5,0.009456257112061852,0.00912806411447688,9.22542801300071,202.63,82.2,91375185.93231532,737.5880547408244,2249.8729355279866,0.24689462294014974,3.050310971099651
44,12,R4,0.006761355411709481,0.012125452001758436,9.356644861230766,190.62,84.2,74215701.91933273,527.3857221133395,3679.677191465906,0.12535722259134346,6.977202903257805
44,14,R1,0.00232275082118936,0.0020423255558122857,9.656133055787631,792.8499999999999,136.4,94720430.5480667,111.49203941708929,485.6114202278514,0.1867214761800015,4.355570341763951
44,14,R2,0.0014976396900915048,0.0024561300846846004,9.765203153874888,886.1700000000001,152.5,86703699.87570338,71.88670512439224,638.0009386314592,0.10126490544905992,8.875089455379364
44,14,R3,0.0016055433088672053,0.002751209192878894,9.56867168900401,742.6500000000001,127.4,84660803.1778154,77.06607882562585,731.895055090446,0.09526549001502624,9.496980594360767
44,14,R4,0.001611646765695845,0.003326110280434564,9.660938141444921,665.39,152.5,88224317.74146874,77.35904475340055,849.0942880011281,0.08350020666815115,10.976018262735899
44,14,R5,0.0013986549119442801,0.00354187071092365,9.689451266355887,686.46,121.4,81769409.84624052,67.13543577332544,975.5497546353455,0.06438706178133433,14.531070565016805
44,15,R1,0.0032842341125785828,0.0034081839159114773,9.451788659251912,586.0500000000001,113.4,100136940.3753779,157.643237403772,766.5425872346941,0.17057526008412943,4.8625148776369445
44,15,R2,0.003925634616877161,0.0046945338241078695,9.91272953425476,453.58000000000004,102.4,103140433.26550879,188.43046161010372,1025.1114970898016,0.15527313271637802,5.440264213813477
44,15,R3,0.002406159682636931,0.007101914297423057,10.425015705509766,450.59999999999997,127.4,93751835.95372862,115.49566476657269,1706.0950742334428,0.06340373954139417,14.771940381326148
44,15,R4,0.0025906422240630357,0.006734643857192306,9.689994268074091,435.52,104.4,90429410.58253147,124.35082675502571,1677.3068375221087,0.06902023021388919,13.488505716382939
44,15,R5,0.003186957654029098,0.005208894112221421,9.941115134586669,440.53,101.3,95291947.89904965,152.9739673933967,1231.1101381884246,0.110523606749383,8.047840813479267
