Time,T,OTU22_R1,OTU23_R1,OTU22_R2,OTU23_R2,OTU22_R3,OTU23_R3,OTU22_R4,OTU23_R4,OTU22_R5,OTU23_R5,Tm,T_internal
0.03,38,4.07,4.14,4.71,4.1,3.99,4.01,4.11,4.49,5.13,4.18,38,36.98
1.03,38,4.21,4.28,4.78,4.26,4.1,4.07,4.21,4.66,4.92,4.31,38,36.23
2.05,38,4.41,4.49,4.93,4.46,4.25,4.22,4.4,4.87,4.89,4.5,38,36
3.05,38,4.62,4.72,5.1,4.67,4.42,4.42,4.59,5.07,4.93,4.7,38,35.81
4.05,38,4.81,4.93,5.29,4.87,4.57,4.61,4.77,5.27,5.03,4.86,38,35.69
5.05,38,5,5.15,5.47,5.06,4.73,4.8,4.98,5.48,5.18,5.06,38,35.59
6.05,38,5.17,5.33,5.63,5.25,4.87,4.97,5.15,5.69,5.32,5.24,38,35.51
7.05,38,5.35,5.53,5.79,5.44,5.01,5.15,5.32,5.87,5.48,5.43,38,35.48
8.05,38,5.5,5.71,5.96,5.62,5.14,5.33,5.48,6.06,5.62,5.62,38,35.45
9.05,38,5.67,5.89,6.1,5.78,5.26,5.48,5.64,6.23,5.76,5.8,38,35.45
10.05,38,5.82,6.05,6.27,5.94,5.38,5.64,5.8,6.42,5.91,5.98,38,35.45
11.05,38,5.96,6.2,6.4,6.1,5.48,5.78,5.94,6.56,6.03,6.13,38,35.5
12.05,38,6.08,6.34,6.54,6.23,5.59,5.92,6.09,6.7,6.15,6.3,38,35.51
13.05,38,6.23,6.49,6.68,6.37,5.69,6.05,6.22,6.85,6.27,6.45,38,35.55
14.05,38,6.36,6.63,6.81,6.51,5.8,6.19,6.35,6.99,6.39,6.57,38,35.62
15.07,38,6.48,6.74,6.94,6.63,5.88,6.31,6.46,7.11,6.48,6.7,38,35.66
16.07,38,6.56,6.86,7.06,6.75,5.97,6.43,6.59,7.23,6.58,6.83,38,35.69
17.07,38,6.7,6.98,7.18,6.85,6.05,6.53,6.7,7.34,6.64,6.94,38,35.79
18.08,38,6.8,7.09,7.29,6.96,6.12,6.64,6.81,7.46,6.69,7.05,38,35.84
19.08,38,6.9,7.18,7.39,7.06,6.19,6.75,6.91,7.55,6.77,7.13,38,35.91
20.08,38,6.99,7.27,7.5,7.17,6.26,6.85,7,7.65,6.86,7.23,38,35.98
21.08,38,7.08,7.36,7.6,7.26,6.33,6.93,7.09,7.74,6.96,7.32,38,36.05
22.1,38,7.17,7.44,7.69,7.34,6.39,7.03,7.18,7.84,7.04,7.4,38,36.14
23.1,38,7.25,7.54,7.79,7.42,6.45,7.1,7.28,7.93,7.12,7.48,38,36.19
24.1,38,7.31,7.59,7.86,7.49,6.49,7.17,7.35,7.98,7.19,7.55,38,36.26
25.1,38,7.34,7.66,7.95,7.57,6.53,7.25,7.42,8.05,7.28,7.61,38,36.33
26.1,38,7.4,7.73,8.01,7.64,6.59,7.32,7.5,8.12,7.35,7.68,38,36.4
27.12,38,7.52,7.8,8.1,7.7,6.63,7.38,7.57,8.2,7.42,7.74,38,36.47
28.12,38,7.57,7.86,8.18,7.76,6.67,7.43,7.63,8.25,7.47,7.79,38,36.53
29.12,38,7.63,7.9,8.23,7.82,6.71,7.51,7.69,8.3,7.54,7.85,38,36.59
30.12,38,7.71,7.96,8.31,7.88,6.73,7.56,7.75,8.35,7.58,7.9,38,36.65
31.13,38,7.75,8.01,8.37,7.94,6.77,7.6,7.82,8.41,7.64,7.94,38,36.7
32.13,38,7.79,8.06,8.43,7.99,6.81,7.67,7.88,8.46,7.69,7.99,38,36.76
33.13,38,7.83,8.08,8.47,8.03,6.83,7.7,7.92,8.49,7.71,8.01,38,36.81
34.13,38,7.82,8.14,8.52,8.08,6.86,7.75,7.96,8.53,7.76,8.06,38,36.87
35.15,38,7.93,8.18,8.59,8.14,6.87,7.8,8.01,8.56,7.8,8.1,38,36.91
36.15,38,7.95,8.21,8.63,8.16,6.89,7.83,8.06,8.6,7.82,8.12,38,36.98
37.15,38,7.94,8.24,8.66,8.18,6.91,7.86,8.08,8.63,7.85,8.15,38,37.01
38.15,38,7.98,8.28,8.69,8.23,6.94,7.91,8.15,8.67,7.89,8.18,38,37.06
39.17,38,8.01,8.32,8.76,8.27,6.95,7.94,8.18,8.7,7.92,8.22,38,37.11
40.17,38,8.09,8.32,8.78,8.28,6.96,7.96,8.2,8.72,7.94,8.23,38,37.15
41.17,38,8.11,8.36,8.82,8.31,6.97,7.99,8.24,8.75,7.96,8.24,38,37.19
42.17,38,8.15,8.37,8.85,8.31,6.98,8.01,8.27,8.76,7.98,8.27,38,37.23
43.18,38,8.17,8.39,8.89,8.37,7,8.04,8.28,8.78,7.99,8.28,38,37.26
44.18,38,8.19,8.41,8.9,8.37,7.01,8.05,8.32,8.79,8.02,8.28,38,37.3
45.18,38,8.16,8.43,8.94,8.39,7.03,8.08,8.34,8.82,8.03,8.32,38,37.33
46.18,38,8.23,8.45,8.95,8.41,7.03,8.1,8.37,8.83,8.05,8.32,38,37.36
47.18,38,8.25,8.47,8.98,8.43,7.03,8.11,8.38,8.84,8.05,8.32,38,37.4
48.18,38,8.26,8.49,9.01,8.46,7.06,8.14,8.43,8.88,8.08,8.36,38,37.43
49.18,38,8.28,8.51,9.03,8.48,7.06,8.15,8.43,8.88,8.1,8.34,38,37.44
50.2,38,8.3,8.53,9.05,8.49,7.06,8.18,8.46,8.91,8.11,8.38,38,37.48
51.2,38,8.3,8.55,9.08,8.5,7.06,8.19,8.48,8.92,8.13,8.39,38,37.51
52.2,38,8.32,8.55,9.09,8.52,7.06,8.2,8.49,8.91,8.13,8.38,38,37.54
53.2,38,8.33,8.56,9.11,8.53,7.06,8.2,8.49,8.93,8.14,8.39,38,37.55
54.2,38,8.33,8.57,9.1,8.53,7.06,8.21,8.51,8.94,8.13,8.4,38,37.58
55.2,38,8.36,8.59,9.13,8.57,7.06,8.24,8.54,8.96,8.17,8.41,38,37.61
56.22,38,8.36,8.59,9.14,8.56,7.07,8.25,8.54,8.97,8.16,8.4,38,37.62
57.22,38,8.33,8.6,9.15,8.56,7.07,8.25,8.55,8.97,8.17,8.43,38,37.64
58.22,38,8.37,8.6,9.16,8.57,7.06,8.26,8.56,8.98,8.18,8.43,38,37.65
59.22,38,8.38,8.62,9.17,8.59,7.05,8.27,8.57,8.99,8.19,8.43,38,37.66
60.22,38,8.39,8.63,9.17,8.59,7.06,8.28,8.59,8.99,8.19,8.44,38,37.69
61.22,38,8.39,8.63,9.18,8.61,7.07,8.28,8.59,9.01,8.19,8.46,38,37.72
62.22,38,8.4,8.63,9.2,8.61,7.07,8.28,8.6,9.02,8.19,8.46,38,37.73
63.22,38,8.41,8.62,9.18,8.61,7.06,8.28,8.59,9.02,8.19,8.44,38,37.75
64.23,38,8.35,8.64,9.19,8.63,7.06,8.29,8.62,9.03,8.19,8.46,38,37.76
65.23,38,8.41,8.64,9.2,8.63,7.06,8.3,8.62,9.03,8.21,8.47,38,37.76
66.23,38,8.38,8.64,9.22,8.63,7.06,8.3,8.62,9.04,8.22,8.47,38,37.78
67.23,38,8.42,8.66,9.23,8.65,7.07,8.31,8.63,9.05,8.22,8.47,38,37.8
68.23,38,8.42,8.65,9.22,8.64,7.07,8.31,8.63,9.04,8.21,8.49,38,37.81
69.23,38,8.42,8.67,9.22,8.66,7.06,8.31,8.64,9.05,8.22,8.48,38,37.83
70.23,38,8.43,8.66,9.22,8.67,7.06,8.31,8.64,9.07,8.21,8.49,38,37.83
71.25,38,8.43,8.67,9.24,8.66,7.06,8.31,8.64,9.07,8.22,8.48,38,37.84
72.25,38,8.42,8.65,9.23,8.65,7.06,8.32,8.63,9.07,8.22,8.47,38,37.86
73.25,38,8.43,8.66,9.24,8.67,7.1,8.32,8.65,9.08,8.22,8.49,38,37.87
74.25,38,8.42,8.65,9.23,8.65,7.1,8.32,8.64,9.05,8.21,8.47,38,37.87
75.25,38,8.44,8.67,9.25,8.68,7.11,8.33,8.67,9.09,8.23,8.49,38,37.89
76.27,38,8.43,8.67,9.24,8.68,7.11,8.33,8.66,9.1,8.22,8.49,38,37.9
77.27,38,8.43,8.68,9.25,8.68,7.11,8.33,8.65,9.1,8.22,8.5,38,37.91
78.27,38,8.43,8.67,9.24,8.68,7.11,8.34,8.67,9.1,8.23,8.49,38,37.91
79.27,38,8.39,8.67,9.25,8.68,7.1,8.33,8.67,9.1,8.22,8.5,38,37.93
80.27,38,8.38,8.66,9.25,8.69,7.1,8.33,8.67,9.1,8.22,8.48,38,37.94
81.28,38,8.43,8.66,9.24,8.7,7.1,8.34,8.66,9.09,8.23,8.5,38,37.94
82.28,38,8.43,8.67,9.25,8.69,7.1,8.34,8.68,9.1,8.22,8.48,38,37.94
83.28,38,8.44,8.67,9.25,8.69,7.1,8.33,8.68,9.1,8.22,8.49,38,37.94
84.3,38,8.41,8.67,9.26,8.7,7.09,8.35,8.69,9.1,8.22,8.5,38,37.94
85.3,38,8.42,8.67,9.25,8.69,7.08,8.34,8.66,9.1,8.21,8.49,38,37.95
86.3,38,8.41,8.66,9.26,8.68,7.07,8.32,8.66,9.1,8.2,8.48,38,37.95
87.3,38,8.42,8.67,9.25,8.7,7.08,8.34,8.67,9.1,8.21,8.49,38,37.95
88.3,38,8.4,8.65,9.24,8.66,7.06,8.32,8.66,9.08,8.19,8.47,38,37.97
89.3,38,8.4,8.66,9.26,8.7,7.07,8.34,8.68,9.11,8.21,8.49,38,37.95
90.3,38,8.4,8.65,9.25,8.69,7.06,8.32,8.66,9.1,8.2,8.48,38,37.97
91.3,38,8.39,8.65,9.25,8.67,7.05,8.33,8.67,9.1,8.2,8.48,38,37.97
92.3,38,8.41,8.65,9.25,8.7,7.06,8.33,8.68,9.1,8.21,8.48,38,37.98
93.3,38,8.39,8.64,9.24,8.68,7.05,8.33,8.67,9.09,8.2,8.49,38,37.97
94.3,38,8.4,8.65,9.25,8.7,7.05,8.33,8.67,9.11,8.2,8.48,38,37.97
95.3,38,8.37,8.64,9.23,8.69,7.03,8.33,8.66,9.1,8.19,8.47,38,37.97
96.3,38,8.35,8.64,9.24,8.67,7.04,8.32,8.67,9.1,8.18,8.48,38,37.98
97.32,38,8.38,8.64,9.23,8.67,7.03,8.32,8.67,9.09,8.17,8.49,38,37.98
98.32,38,8.37,8.63,9.22,8.67,7.02,8.32,8.66,9.08,8.18,8.47,38,37.98
99.32,38,8.37,8.62,9.22,8.66,7.02,8.31,8.66,9.09,8.17,8.47,38,37.98
100.32,38,8.36,8.63,9.22,8.67,7.01,8.31,8.65,9.08,8.16,8.47,38,37.98
101.32,38,8.36,8.6,9.21,8.66,7,8.29,8.65,9.07,8.16,8.46,38,37.98
102.32,38,8.36,8.62,9.23,8.67,7,8.31,8.66,9.08,8.16,8.48,38,37.98
103.32,38,8.35,8.6,9.21,8.65,6.98,8.31,8.65,9.08,8.14,8.45,38,37.98
104.32,38,8.35,8.63,9.22,8.68,7.01,8.31,8.67,9.08,8.17,8.46,38,37.98
105.32,38,8.34,8.6,9.2,8.66,6.98,8.29,8.64,9.07,8.14,8.45,38,37.98
106.33,38,8.34,8.6,9.2,8.66,6.99,8.3,8.64,9.08,8.14,8.46,38,37.98
107.33,38,8.35,8.6,9.21,8.67,6.99,8.31,8.65,9.08,8.15,8.47,38,38
108.33,38,8.33,8.6,9.2,8.66,6.99,8.3,8.64,9.05,8.13,8.45,38,38
109.35,38,8.33,8.6,9.19,8.66,6.99,8.29,8.64,9.07,8.13,8.45,38,38.01
110.35,38,8.27,8.58,9.17,8.66,6.98,8.28,8.63,9.05,8.12,8.45,38,38.01
111.35,38,8.32,8.6,9.19,8.66,6.98,8.29,8.63,9.05,8.13,8.45,38,38.01
112.35,38,8.31,8.58,9.17,8.64,6.96,8.28,8.62,9.04,8.1,8.43,38,38.01
113.35,38,8.32,8.58,9.18,8.65,6.97,8.29,8.61,9.05,8.11,8.45,38,38.03
114.35,38,8.3,8.56,9.15,8.64,6.96,8.28,8.62,9.05,8.1,8.43,38,38.03
115.37,38,8.28,8.55,9.15,8.62,6.95,8.27,8.61,9.03,8.08,8.41,38,38.04
116.37,38,8.29,8.56,9.15,8.64,6.95,8.28,8.61,9.04,8.09,8.43,38,38.03
117.37,38,8.31,8.57,9.17,8.64,6.96,8.28,8.62,9.05,8.1,8.44,38,38.04
118.37,38,8.28,8.55,9.14,8.63,6.93,8.27,8.61,9.04,8.08,8.42,38,38.03
119.38,38,8.28,8.56,9.16,8.63,6.94,8.27,8.61,9.04,8.08,8.41,38,38.04
120.38,38,8.28,8.55,9.15,8.62,6.94,8.27,8.59,9.03,8.08,8.42,38,38.05
121.38,38,8.28,8.55,9.15,8.63,6.94,8.27,8.6,9.04,8.08,8.42,38,38.05
122.38,38,8.27,8.54,9.14,8.63,6.93,8.26,8.59,9.03,8.07,8.41,38,38.05
123.38,38,8.27,8.53,9.12,8.61,6.91,8.26,8.59,9.03,8.06,8.4,38,38.05
124.38,38,8.28,8.56,9.15,8.63,6.93,8.27,8.6,9.05,8.07,8.42,38,38.05
125.38,38,8.27,8.52,9.12,8.6,6.92,8.25,8.57,9.02,8.05,8.4,38,38.06
126.38,38,8.2,8.54,9.11,8.6,6.91,8.24,8.57,9.01,8.04,8.39,38,38.06
127.4,38,8.25,8.51,9.11,8.59,6.9,8.24,8.57,9.01,8.05,8.39,38,38.06
128.4,38,8.22,8.53,9.11,8.6,6.91,8.23,8.58,9.02,8.04,8.38,38,38.06
129.4,38,8.25,8.51,9.1,8.58,6.89,8.22,8.56,9.01,8.03,8.38,38,38.08
130.4,38,8.24,8.52,9.1,8.58,6.89,8.22,8.57,9.01,8.03,8.38,38,38.08
131.4,38,8.24,8.52,9.1,8.59,6.89,8.23,8.56,9.01,8.02,8.37,38,38.08
132.4,38,8.23,8.51,9.1,8.59,6.89,8.23,8.56,9,8.01,8.36,38,38.08
133.42,38,8.22,8.47,9.08,8.58,6.87,8.21,8.55,8.99,8,8.35,38,38.08
134.42,38,8.23,8.51,9.09,8.58,6.89,8.23,8.56,9.01,8.02,8.38,38,38.08
135.42,38,8.22,8.49,9.08,8.57,6.88,8.2,8.53,8.98,7.99,8.35,38,38.08
136.42,38,8.2,8.48,9.07,8.55,6.86,8.2,8.53,8.98,7.99,8.35,38,38.09
137.42,38,8.21,8.48,9.07,8.57,6.87,8.19,8.53,8.98,7.99,8.35,38,38.08
138.42,38,8.2,8.48,9.07,8.56,6.87,8.2,8.54,8.97,7.99,8.34,38,38.09
139.43,38,8.19,8.46,9.04,8.55,6.85,8.17,8.51,8.97,7.96,8.32,38,38.08
140.43,38,8.18,8.46,9.03,8.55,6.85,8.19,8.51,8.96,7.97,8.33,38,38.09
141.43,38,8.19,8.47,9.04,8.55,6.85,8.17,8.5,8.96,7.97,8.32,38,38.08
142.43,38,8.17,8.44,9.02,8.53,6.84,8.16,8.5,8.94,7.96,8.3,38,38.08
143.43,38,8.16,8.45,9.01,8.53,6.85,8.15,8.49,8.95,7.96,8.31,38,38.09
144.43,38,8.16,8.45,9.01,8.53,6.84,8.16,8.5,8.94,7.96,8.31,38,38.08
145.45,38,8.15,8.43,9,8.52,6.83,8.16,8.49,8.92,7.94,8.28,38,38.08
146.45,38,8.14,8.44,8.99,8.52,6.82,8.15,8.48,8.92,7.94,8.28,38,38.08
147.45,38,8.11,8.43,9,8.53,6.84,8.15,8.49,8.94,7.95,8.3,38,38.08
148.47,38,8.12,8.44,8.99,8.52,6.82,8.14,8.48,8.92,7.93,8.28,38,38.08
149.47,38,8.09,8.42,8.99,8.51,6.82,8.14,8.48,8.92,7.93,8.28,38,38.08
150.47,38,8.12,8.41,8.97,8.51,6.81,8.12,8.47,8.9,7.92,8.27,38,38.08
151.47,38,8.08,8.4,8.96,8.5,6.8,8.12,8.46,8.89,7.9,8.26,38,38.06
152.47,38,8.11,8.4,8.96,8.49,6.8,8.11,8.45,8.88,7.9,8.25,38,38.08
153.47,38,8.09,8.4,8.96,8.5,6.8,8.11,8.45,8.88,7.9,8.25,38,38.06
154.48,38,8.02,8.38,8.94,8.49,6.79,8.09,8.43,8.88,7.89,8.25,38,38.08
155.48,38,8.09,8.39,8.95,8.47,6.79,8.09,8.43,8.87,7.88,8.21,38,38.06
156.48,38,8.03,8.38,8.94,8.46,6.77,8.08,8.42,8.86,7.87,8.22,38,38.08
157.5,38,8.09,8.39,8.94,8.47,6.77,8.08,8.42,8.85,7.87,8.22,38,38.08
158.5,38,8.08,8.37,8.92,8.45,6.77,8.08,8.41,8.84,7.86,8.2,38,38.08
159.5,38,8.06,8.36,8.92,8.46,6.77,8.07,8.42,8.83,7.86,8.2,38,38.08
160.5,38,8.06,8.35,8.92,8.45,6.76,8.05,8.4,8.83,7.85,8.19,38,38.08
161.5,38,8.05,8.35,8.89,8.43,6.76,8.04,8.39,8.81,7.85,8.17,38,38.08
162.5,38,8.03,8.34,8.89,8.43,6.75,8.04,8.38,8.81,7.84,8.17,38,38.08
163.52,38,8,8.34,8.9,8.43,6.74,8.05,8.38,8.8,7.83,8.16,38,38.08
164.52,38,8.04,8.34,8.89,8.42,6.75,8.05,8.36,8.79,7.82,8.16,38,38.09
165.52,38,7.99,8.33,8.87,8.42,6.74,8.03,8.36,8.78,7.82,8.15,38,38.08
166.52,38,8.03,8.31,8.86,8.41,6.74,8.02,8.36,8.79,7.81,8.15,38,38.08
167.52,38,8.01,8.31,8.87,8.39,6.73,8.02,8.34,8.76,7.81,8.14,38,38.09
168.53,38,7.96,8.31,8.85,8.4,6.73,8,8.33,8.77,7.8,8.13,38,38.08
169.53,38,8,8.3,8.84,8.38,6.7,7.98,8.32,8.75,7.78,8.11,38,38.09
170.53,38,8.01,8.3,8.85,8.38,6.72,8,8.32,8.74,7.79,8.11,38,38.11
171.53,38,7.99,8.28,8.84,8.36,6.7,7.98,8.31,8.73,7.77,8.09,38,38.09
172.53,38,7.96,8.28,8.84,8.36,6.69,7.98,8.3,8.73,7.76,8.09,38,38.09
173.53,38,7.98,8.28,8.82,8.35,6.69,7.97,8.29,8.72,7.76,8.09,38,38.09
174.55,38,7.98,8.27,8.81,8.36,6.69,7.97,8.28,8.71,7.75,8.08,38,38.11
175.55,38,7.97,8.27,8.82,8.36,6.69,7.96,8.29,8.7,7.76,8.09,38,38.11
176.55,38,7.96,8.26,8.79,8.34,6.69,7.96,8.28,8.7,7.74,8.07,38,38.11
177.57,38,7.96,8.26,8.8,8.34,6.69,7.96,8.28,8.69,7.74,8.06,38,38.11
178.57,38,7.91,8.25,8.8,8.32,6.67,7.96,8.28,8.69,7.74,8.05,38,38.12
179.57,38,7.96,8.24,8.78,8.31,6.68,7.94,8.27,8.67,7.72,8.03,38,38.12
180.57,38,7.94,8.22,8.77,8.29,6.66,7.92,8.26,8.66,7.71,8.03,38,38.12
181.58,38,7.95,8.23,8.77,8.3,6.66,7.93,8.24,8.66,7.71,8.03,38,38.12
182.58,38,7.92,8.21,8.75,8.27,6.64,7.91,8.23,8.63,7.68,8.02,38,38.14
183.58,38,7.93,8.21,8.75,8.29,6.65,7.92,8.25,8.64,7.69,8.02,38,38.14
184.58,38,7.92,8.21,8.75,8.28,6.64,7.89,8.25,8.63,7.68,8.01,38,38.12
185.58,38,7.91,8.2,8.75,8.28,6.66,7.89,8.23,8.62,7.67,8,38,38.12
186.58,38,7.91,8.19,8.74,8.27,6.65,7.89,8.22,8.62,7.67,7.99,38,38.12
187.58,38,7.91,8.18,8.74,8.27,6.65,7.89,8.22,8.62,7.67,7.99,38,38.14
188.58,38,7.89,8.18,8.72,8.26,6.64,7.89,8.21,8.6,7.66,7.99,38,38.12
189.6,38,7.88,8.17,8.72,8.26,6.63,7.87,8.19,8.59,7.65,7.97,38,38.14
190.6,38,7.81,8.16,8.7,8.23,6.61,7.86,8.19,8.58,7.64,7.97,38,38.12
191.6,38,7.87,8.16,8.7,8.23,6.62,7.86,8.19,8.58,7.64,7.97,38,38.15
192.6,38,7.8,8.14,8.69,8.23,6.61,7.84,8.18,8.57,7.62,7.96,38,38.12
193.62,38,7.85,8.14,8.69,8.24,6.61,7.84,8.18,8.57,7.62,7.95,38,38.12
194.62,38,7.84,8.13,8.68,8.21,6.6,7.83,8.17,8.55,7.62,7.94,38,38.14
195.62,38,7.84,8.12,8.67,8.21,6.6,7.83,8.17,8.54,7.6,7.94,38,38.12
196.62,38,7.78,8.11,8.66,8.2,6.59,7.81,8.16,8.53,7.59,7.93,38,38.12
197.63,38,7.82,8.12,8.66,8.19,6.6,7.82,8.15,8.53,7.6,7.93,38,38.12
198.63,38,7.8,8.1,8.64,8.18,6.58,7.8,8.14,8.51,7.58,7.92,38,38.12
199.63,38,7.79,8.09,8.64,8.17,6.58,7.8,8.13,8.5,7.57,7.9,38,38.12
200.63,38,7.79,8.08,8.63,8.18,6.57,7.8,8.13,8.5,7.58,7.91,38,38.12
201.63,38,7.78,8.08,8.61,8.17,6.56,7.79,8.13,8.49,7.57,7.89,38,38.12
202.65,38,7.77,8.07,8.61,8.16,6.55,7.77,8.12,8.48,7.56,7.89,38,38.14
203.65,38,7.75,8.06,8.59,8.14,6.55,7.76,8.11,8.47,7.55,7.88,38,38.11
204.65,38,7.75,8.04,8.58,8.12,6.54,7.76,8.08,8.46,7.53,7.87,38,38.12
205.65,38,7.74,8.04,8.57,8.12,6.53,7.75,8.09,8.46,7.53,7.86,38,38.11
206.65,38,7.74,8.03,8.56,8.11,6.52,7.74,8.07,8.44,7.52,7.85,38,38.12
207.65,38,7.7,8.02,8.54,8.09,6.51,7.73,8.07,8.42,7.5,7.83,38,38.12
208.67,38,7.72,8,8.54,8.08,6.51,7.73,8.06,8.41,7.49,7.83,38,38.12
209.67,38,7.71,8,8.54,8.08,6.51,7.72,8.06,8.42,7.49,7.82,38,38.12
210.67,38,7.7,7.99,8.5,8.07,6.49,7.7,8.05,8.41,7.48,7.82,38,38.11
211.67,38,7.7,7.99,8.51,8.06,6.48,7.71,8.04,8.41,7.48,7.82,38,38.11
212.67,38,7.69,7.97,8.5,8.05,6.47,7.69,8.02,8.38,7.47,7.8,38,38.08
213.67,38,7.67,7.97,8.48,8.03,6.46,7.67,8.01,8.36,7.45,7.78,38,38.11
214.67,38,7.66,7.96,8.47,8.03,6.47,7.67,8.01,8.36,7.44,7.78,38,38.09
215.68,38,7.66,7.97,8.48,8.02,6.46,7.68,8.02,8.36,7.45,7.78,38,38.09
216.68,38,7.65,7.95,8.45,7.99,6.45,7.65,7.99,8.34,7.42,7.77,38,38.09
217.68,38,7.64,7.93,8.44,8,6.45,7.64,8,8.33,7.42,7.75,38,38.11
218.68,38,7.62,7.92,8.41,7.97,6.44,7.63,7.97,8.31,7.41,7.74,38,38.11
219.7,38,7.61,7.9,8.42,7.97,6.43,7.62,7.97,8.3,7.4,7.74,38,38.11
220.7,38,7.6,7.9,8.4,7.96,6.43,7.61,7.97,8.31,7.39,7.74,38,38.09
221.7,38,7.59,7.89,8.39,7.96,6.42,7.6,7.96,8.28,7.38,7.73,38,38.11
222.7,38,7.57,7.9,8.38,7.95,6.41,7.59,7.96,8.29,7.38,7.73,38,38.11
223.7,38,7.57,7.89,8.37,7.95,6.4,7.6,7.95,8.28,7.35,7.71,38,38.09
224.72,38,7.57,7.88,8.38,7.95,6.4,7.58,7.94,8.27,7.35,7.7,38,38.09
225.72,38,7.56,7.85,8.35,7.92,6.39,7.57,7.93,8.27,7.35,7.68,38,38.09
226.72,38,7.56,7.85,8.34,7.91,6.38,7.57,7.93,8.27,7.34,7.69,38,38.11
227.72,38,7.54,7.83,8.32,7.9,6.37,7.56,7.92,8.24,7.32,7.67,38,38.11
228.73,38,7.55,7.85,8.34,7.91,6.38,7.57,7.93,8.25,7.33,7.67,38,38.09
229.73,38,7.52,7.82,8.31,7.88,6.36,7.55,7.9,8.23,7.31,7.66,38,38.11
230.73,38,7.5,7.81,8.3,7.86,6.35,7.52,7.89,8.22,7.29,7.62,38,38.11
231.75,38,7.51,7.81,8.29,7.87,6.35,7.54,7.89,8.23,7.3,7.64,38,38.11
232.75,38,7.49,7.79,8.28,7.85,6.34,7.52,7.88,8.21,7.29,7.63,38,38.11
233.75,38,7.48,7.79,8.28,7.86,6.33,7.51,7.87,8.2,7.27,7.61,38,38.11
234.75,38,7.42,7.78,8.28,7.84,6.32,7.51,7.87,8.19,7.27,7.61,38,38.11
235.77,38,7.47,7.75,8.26,7.82,6.32,7.49,7.86,8.18,7.25,7.59,38,38.12
236.78,38,7.44,7.76,8.24,7.8,6.3,7.49,7.85,8.18,7.25,7.58,38,38.12
237.78,38,7.44,7.74,8.23,7.78,6.3,7.48,7.84,8.16,7.23,7.57,38,38.12
238.78,38,7.43,7.74,8.23,7.79,6.3,7.46,7.84,8.15,7.22,7.57,38,38.12
239.78,38,7.39,7.74,8.22,7.78,6.29,7.46,7.82,8.15,7.21,7.57,38,38.12
240.78,38,7.39,7.73,8.2,7.76,6.27,7.43,7.81,8.13,7.2,7.54,38,38.12
241.8,38,7.42,7.72,8.2,7.77,6.28,7.44,7.81,8.14,7.2,7.54,38,38.12
242.8,38,7.41,7.71,8.2,7.77,6.26,7.44,7.81,8.11,7.2,7.53,38,38.12
243.8,38,7.35,7.7,8.18,7.75,6.26,7.42,7.8,8.11,7.19,7.53,38,38.12
244.8,38,7.38,7.68,8.16,7.74,6.24,7.42,7.8,8.09,7.17,7.5,38,38.12
245.82,38,7.37,7.68,8.16,7.73,6.23,7.4,7.77,8.08,7.16,7.49,38,38.14
246.82,38,7.37,7.68,8.16,7.74,6.25,7.4,7.78,8.08,7.17,7.5,38,38.12
247.82,38,7.35,7.65,8.14,7.72,6.23,7.39,7.77,8.07,7.16,7.49,38,38.12
248.82,38,7.34,7.65,8.14,7.71,6.23,7.38,7.77,8.05,7.14,7.47,38,38.14
249.82,38,7.29,7.66,8.14,7.7,6.22,7.38,7.77,8.05,7.14,7.48,38,38.14
250.82,38,7.29,7.63,8.13,7.69,6.22,7.37,7.75,8.04,7.12,7.45,38,38.14
251.82,38,7.32,7.63,8.1,7.68,6.2,7.34,7.75,8.03,7.11,7.45,38,38.14
252.82,38,7.3,7.62,8.11,7.67,6.21,7.34,7.74,8.03,7.09,7.44,38,38.14
253.82,38,7.3,7.6,8.09,7.66,6.19,7.32,7.74,8,7.08,7.43,38,38.15
254.83,38,7.29,7.6,8.09,7.65,6.19,7.33,7.73,8.01,7.07,7.42,38,38.15
255.83,38,7.29,7.59,8.08,7.64,6.19,7.31,7.73,8,7.07,7.42,38,38.15
256.83,38,7.25,7.58,8.05,7.64,6.18,7.32,7.73,7.98,7.06,7.41,38,38.15
257.83,38,7.25,7.57,8.05,7.62,6.17,7.3,7.71,7.99,7.06,7.42,38,38.15
258.83,38,7.26,7.57,8.03,7.62,6.17,7.29,7.71,7.96,7.04,7.39,38,38.15
259.83,38,7.24,7.56,8.02,7.6,6.15,7.28,7.7,7.95,7.03,7.37,38,38.15
260.85,38,7.22,7.56,8.03,7.59,6.15,7.28,7.7,7.95,7.03,7.38,38,38.15
261.85,38,7.24,7.55,8.02,7.57,6.15,7.27,7.7,7.93,7.03,7.36,38,38.15
262.85,38,7.23,7.52,8.01,7.57,6.14,7.25,7.68,7.91,7.02,7.34,38,38.15
263.85,38,7.17,7.52,8,7.55,6.13,7.24,7.68,7.89,7.03,7.33,38,38.15
264.85,38,7.21,7.52,7.99,7.54,6.12,7.23,7.69,7.88,7.01,7.32,38,38.14
265.85,38,7.2,7.51,7.98,7.54,6.11,7.23,7.68,7.86,7,7.32,38,38.14
266.85,38,7.19,7.49,7.97,7.53,6.1,7.2,7.67,7.84,6.99,7.3,38,38.12
267.85,38,7.17,7.48,7.95,7.49,6.1,7.19,7.66,7.83,6.98,7.3,38,38.14
268.87,38,7.17,7.48,7.96,7.5,6.09,7.2,7.66,7.81,6.98,7.29,38,38.12
269.87,38,7.16,7.46,7.93,7.48,6.09,7.17,7.64,7.79,6.96,7.29,38,38.12
270.88,38,7.09,7.44,7.92,7.47,6.07,7.17,7.63,7.77,6.95,7.28,38,38.12
271.88,38,7.15,7.44,7.91,7.47,6.07,7.17,7.64,7.77,6.95,7.28,38,38.12
272.88,38,7.14,7.42,7.89,7.45,6.05,7.16,7.62,7.75,6.93,7.27,38,38.12
273.88,38,7.13,7.42,7.9,7.45,6.06,7.16,7.61,7.74,6.93,7.27,38,38.12
274.9,38,7.1,7.41,7.86,7.43,6.04,7.14,7.59,7.74,6.91,7.26,38,38.11
275.9,38,7.11,7.41,7.87,7.42,6.04,7.14,7.6,7.73,6.91,7.26,38,38.12
276.9,38,7.03,7.38,7.84,7.42,6.02,7.12,7.58,7.71,6.89,7.24,38,38.12
277.9,38,7.07,7.37,7.82,7.4,6.02,7.1,7.57,7.7,6.88,7.23,38,38.11
278.9,38,7.01,7.35,7.81,7.4,6.01,7.09,7.57,7.69,6.87,7.21,38,38.11
279.9,38,7.06,7.35,7.81,7.39,6.01,7.1,7.56,7.68,6.86,7.21,38,38.09
280.9,38,7.04,7.32,7.78,7.37,5.99,7.07,7.54,7.66,6.84,7.18,38,38.11
281.92,38,7.03,7.32,7.76,7.35,5.98,7.06,7.53,7.65,6.84,7.17,38,38.12
282.92,38,7.01,7.31,7.75,7.34,5.98,7.05,7.51,7.63,6.81,7.15,38,38.09
283.92,38,7.01,7.29,7.74,7.32,5.97,7.04,7.51,7.62,6.8,7.16,38,38.11
284.93,38,7,7.28,7.74,7.32,5.97,7.03,7.52,7.63,6.8,7.14,38,38.11
285.93,38,6.97,7.27,7.72,7.31,5.95,7.02,7.5,7.61,6.79,7.12,38,38.11
286.93,38,6.99,7.27,7.74,7.29,5.95,7.02,7.49,7.61,6.78,7.12,38,38.09
287.93,38,6.95,7.27,7.72,7.28,5.94,7,7.49,7.59,6.77,7.11,38,38.09
288.93,38,6.95,7.24,7.69,7.26,5.93,6.97,7.47,7.57,6.76,7.08,38,38.11
289.93,38,6.95,7.23,7.68,7.26,5.92,6.98,7.47,7.57,6.76,7.06,38,38.09
290.95,38,6.91,7.21,7.66,7.24,5.92,6.95,7.45,7.55,6.74,7.06,38,38.11
291.95,38,6.92,7.2,7.65,7.23,5.9,6.94,7.43,7.54,6.72,7.05,38,38.11
292.95,38,6.89,7.17,7.64,7.21,5.89,6.93,7.43,7.52,6.71,7.03,38,38.11
293.95,38,6.9,7.18,7.64,7.21,5.9,6.94,7.44,7.51,6.71,7.03,38,38.11
294.95,38,6.88,7.18,7.63,7.2,5.89,6.91,7.42,7.49,6.69,7.01,38,38.12
295.95,38,6.85,7.15,7.62,7.19,5.87,6.9,7.42,7.48,6.69,6.99,38,38.09
296.97,38,6.86,7.16,7.59,7.17,5.86,6.89,7.4,7.47,6.67,6.98,38,38.09
297.97,38,6.86,7.14,7.59,7.17,5.86,6.88,7.4,7.45,6.67,6.96,38,38.11
298.97,38,6.86,7.13,7.58,7.14,5.86,6.87,7.39,7.46,6.66,6.96,38,38.08
299.98,38,6.84,7.11,7.57,7.14,5.84,6.85,7.38,7.42,6.64,6.95,38,38.08
300.98,38,6.83,7.1,7.56,7.13,5.84,6.86,7.37,7.43,6.62,6.94,38,38.09
301.98,38,6.79,7.08,7.56,7.13,5.83,6.84,7.36,7.42,6.61,6.93,38,38.09
303,38,6.8,7.06,7.53,7.09,5.8,6.81,7.36,7.4,6.6,6.9,38,38.09
304,38,6.79,7.07,7.52,7.09,5.8,6.82,7.35,7.39,6.6,6.9,38,38.08
305,38,6.77,7.06,7.5,7.08,5.8,6.81,7.34,7.39,6.6,6.88,38,38.11
306,38,6.77,7.04,7.5,7.06,5.8,6.78,7.32,7.36,6.57,6.87,38,38.09
307.02,38,6.77,7.05,7.5,7.06,5.79,6.78,7.33,7.35,6.57,6.87,38,38.11
308.02,38,6.76,7.02,7.48,7.04,5.78,6.76,7.32,7.36,6.56,6.86,38,38.09
309.02,38,6.74,7.01,7.47,7.04,5.78,6.76,7.31,7.34,6.55,6.85,38,38.12
310.02,38,6.73,7,7.46,7.03,5.76,6.75,7.3,7.33,6.53,6.83,38,38.11
311.02,38,6.71,6.98,7.44,7,5.74,6.73,7.29,7.3,6.52,6.81,38,38.12
312.02,38,6.7,6.96,7.43,6.99,5.73,6.71,7.29,7.3,6.51,6.81,38,38.12
313.02,38,6.69,6.96,7.42,6.99,5.72,6.7,7.29,7.29,6.51,6.79,38,38.11
314.03,38,6.69,6.95,7.42,6.97,5.71,6.69,7.27,7.28,6.5,6.78,38,38.11
315.03,38,6.67,6.93,7.4,6.96,5.69,6.68,7.26,7.26,6.47,6.77,38,38.12
316.03,38,6.66,6.92,7.39,6.96,5.69,6.68,7.26,7.26,6.47,6.77,38,38.12
317.03,38,6.62,6.92,7.38,6.94,5.68,6.66,7.25,7.24,6.45,6.74,38,38.12
318.03,38,6.64,6.89,7.37,6.93,5.68,6.64,7.23,7.23,6.44,6.75,38,38.12
319.03,38,6.63,6.88,7.36,6.92,5.66,6.64,7.23,7.21,6.42,6.72,38,38.12
320.03,38,6.63,6.89,7.37,6.92,5.67,6.64,7.23,7.21,6.42,6.73,38,38.12
321.03,38,6.6,6.86,7.33,6.89,5.64,6.6,7.22,7.18,6.4,6.69,38,38.12
322.03,38,6.6,6.85,7.33,6.87,5.64,6.6,7.2,7.17,6.39,6.69,38,38.12
323.03,38,6.59,6.83,7.31,6.87,5.64,6.6,7.21,7.17,6.37,6.69,38,38.12
324.05,38,6.58,6.81,7.29,6.86,5.63,6.57,7.2,7.15,6.37,6.66,38,38.12
325.05,38,6.58,6.81,7.29,6.85,5.61,6.56,7.19,7.14,6.37,6.66,38,38.12
326.05,38,6.56,6.8,7.29,6.84,5.61,6.56,7.18,7.12,6.35,6.65,38,38.12
327.05,38,6.52,6.78,7.29,6.81,5.6,6.53,7.18,7.1,6.33,6.63,38,38.12
328.05,38,6.49,6.77,7.28,6.81,5.58,6.53,7.17,7.1,6.32,6.61,38,38.14
329.05,38,6.52,6.77,7.26,6.8,5.58,6.52,7.17,7.09,6.3,6.61,38,38.14
330.07,38,6.52,6.75,7.26,6.79,5.58,6.52,7.17,7.07,6.3,6.6,38,38.14
331.07,38,6.51,6.73,7.25,6.77,5.57,6.5,7.16,7.06,6.28,6.58,38,38.12
332.07,38,6.47,6.71,7.22,6.75,5.54,6.48,7.14,7.04,6.24,6.57,38,38.12
333.07,38,6.48,6.7,7.22,6.75,5.55,6.47,7.13,7.03,6.23,6.57,38,38.15
334.07,38,6.47,6.69,7.19,6.73,5.53,6.46,7.13,7.02,6.23,6.55,38,38.15
335.08,38,6.45,6.69,7.2,6.72,5.53,6.45,7.13,7,6.21,6.54,38,38.14
336.08,38,6.45,6.68,7.18,6.71,5.52,6.44,7.12,6.99,6.19,6.52,38,38.14
337.08,38,6.38,6.66,7.16,6.7,5.52,6.43,7.1,6.98,6.17,6.52,38,38.15
338.08,38,6.38,6.65,7.16,6.7,5.51,6.43,7.1,6.97,6.17,6.51,38,38.15
339.08,38,6.41,6.62,7.14,6.67,5.48,6.39,7.08,6.96,6.14,6.48,38,38.15
340.08,38,6.41,6.61,7.14,6.66,5.48,6.38,7.07,6.94,6.12,6.47,38,38.14
341.08,38,6.39,6.6,7.11,6.66,5.47,6.37,7.07,6.92,6.1,6.46,38,38.15
342.08,38,6.38,6.6,7.09,6.62,5.47,6.37,7.06,6.91,6.09,6.44,38,38.15
343.1,38,6.37,6.57,7.1,6.61,5.46,6.34,7.05,6.88,6.08,6.42,38,38.15
344.1,38,6.33,6.57,7.08,6.61,5.46,6.35,7.06,6.88,6.06,6.41,38,38.15
345.1,38,6.3,6.55,7.07,6.6,5.45,6.32,7.05,6.86,6.05,6.4,38,38.15
346.1,38,6.35,6.53,7.06,6.57,5.44,6.3,7.04,6.83,6.04,6.37,38,38.15
347.12,38,6.34,6.52,7.06,6.56,5.43,6.29,7.03,6.81,6.03,6.36,38,38.15
348.12,38,6.31,6.51,7.04,6.54,5.42,6.27,7.03,6.78,6.01,6.33,38,38.15
349.12,38,6.32,6.51,7.05,6.53,5.41,6.25,7.04,6.77,6.01,6.33,38,38.15
350.13,38,6.31,6.5,7.03,6.52,5.41,6.24,7.03,6.76,6.01,6.32,38,38.15
351.13,38,6.3,6.49,7.02,6.5,5.4,6.23,7.03,6.72,5.99,6.3,38,38.15
352.13,38,6.29,6.48,7,6.49,5.39,6.21,7.03,6.68,5.98,6.29,38,38.15
353.13,38,6.28,6.45,6.98,6.46,5.38,6.19,6.99,6.67,5.98,6.26,38,38.15
354.13,38,6.27,6.45,6.98,6.45,5.38,6.18,7.02,6.65,5.96,6.25,38,38.14
355.15,38,6.24,6.43,6.96,6.42,5.36,6.16,6.98,6.61,5.94,6.23,38,38.15
356.15,38,6.24,6.43,6.94,6.44,5.36,6.16,6.98,6.6,5.95,6.23,38,38.14
357.15,38,6.23,6.38,6.93,6.41,5.35,6.13,6.96,6.57,5.92,6.21,38,38.15
358.15,38,6.23,6.4,6.93,6.4,5.35,6.13,6.98,6.55,5.92,6.2,38,38.14
359.15,38,6.19,6.37,6.9,6.38,5.33,6.11,6.96,6.52,5.89,6.17,38,38.14
360.17,38,6.2,6.36,6.87,6.37,5.33,6.1,6.96,6.49,5.87,6.16,38,38.12
361.17,38,6.19,6.33,6.86,6.33,5.31,6.09,6.95,6.48,5.86,6.14,38,38.14
362.17,38,6.17,6.33,6.85,6.32,5.3,6.05,6.94,6.45,5.85,6.11,38,38.12
363.17,38,6.17,6.3,6.84,6.3,5.29,6.04,6.93,6.42,5.82,6.1,38,38.12
364.17,38,6.15,6.3,6.82,6.29,5.29,6.03,6.92,6.4,5.82,6.06,38,38.14
365.18,38,6.13,6.29,6.81,6.26,5.27,6.01,6.9,6.37,5.8,6.05,38,38.14
366.18,38,6.12,6.26,6.77,6.24,5.25,5.98,6.88,6.36,5.78,6.03,38,38.11
367.18,38,6.11,6.25,6.77,6.23,5.24,5.98,6.88,6.34,5.77,6.02,38,38.12
368.18,38,6.06,6.23,6.75,6.22,5.24,5.97,6.87,6.33,5.74,6.01,38,38.12
369.2,38,6.09,6.23,6.74,6.2,5.24,5.95,6.86,6.32,5.74,5.99,38,38.12
370.2,38,6.06,6.19,6.71,6.17,5.2,5.92,6.84,6.29,5.71,5.96,38,38.12
371.2,38,6.06,6.18,6.7,6.17,5.2,5.92,6.84,6.27,5.7,5.94,38,38.12
372.2,38,6.04,6.17,6.68,6.15,5.2,5.9,6.84,6.26,5.69,5.92,38,38.14
373.2,38,6.04,6.16,6.67,6.12,5.18,5.87,6.81,6.23,5.66,5.91,38,38.12
374.2,38,6.03,6.14,6.65,6.12,5.18,5.86,6.82,6.22,5.66,5.89,38,38.12
375.2,38,6.01,6.12,6.62,6.07,5.16,5.84,6.79,6.19,5.63,5.86,38,38.12
376.2,38,5.97,6.11,6.62,6.07,5.15,5.82,6.79,6.17,5.61,5.86,38,38.12
377.22,38,5.98,6.1,6.62,6.05,5.15,5.81,6.79,6.16,5.61,5.83,38,38.12
378.22,38,5.98,6.09,6.59,6.04,5.14,5.8,6.78,6.13,5.59,5.81,38,38.12
379.22,38,5.98,6.06,6.59,6.02,5.12,5.76,6.77,6.11,5.58,5.8,38,38.12
380.22,38,5.94,6.04,6.55,5.98,5.1,5.74,6.75,6.08,5.56,5.78,38,38.12
381.22,38,5.93,6.04,6.54,5.97,5.1,5.73,6.76,6.05,5.54,5.77,38,38.12
382.22,38,5.93,6.02,6.53,5.96,5.09,5.72,6.74,6.04,5.53,5.76,38,38.12
383.22,38,5.92,6,6.51,5.94,5.08,5.69,6.73,6.02,5.51,5.74,38,38.12
384.22,38,5.91,5.99,6.5,5.92,5.06,5.67,6.73,5.98,5.51,5.72,38,38.12
385.22,38,5.89,5.98,6.49,5.91,5.06,5.65,6.72,5.97,5.49,5.71,38,38.12
386.23,38,5.89,5.96,6.47,5.89,5.05,5.64,6.72,5.94,5.48,5.69,38,38.12
387.23,38,5.84,5.93,6.45,5.87,5.02,5.6,6.69,5.91,5.45,5.67,38,38.12
388.23,38,5.86,5.92,6.45,5.86,5.01,5.59,6.69,5.87,5.44,5.66,38,38.12
389.23,38,5.85,5.91,6.43,5.85,5,5.57,6.69,5.85,5.43,5.64,38,38.12
390.23,38,5.8,5.88,6.41,5.81,4.99,5.54,6.67,5.81,5.42,5.62,38,38.12
391.25,38,5.82,5.86,6.4,5.79,4.97,5.53,6.67,5.8,5.39,5.61,38,38.12
392.25,38,5.81,5.86,6.38,5.79,4.97,5.5,6.66,5.78,5.4,5.59,38,38.11
393.25,38,5.8,5.85,6.37,5.76,4.95,5.49,6.66,5.76,5.38,5.56,38,38.12
394.25,38,5.74,5.83,6.35,5.74,4.94,5.46,6.63,5.73,5.36,5.54,38,38.12
395.25,38,5.77,5.82,6.34,5.72,4.93,5.44,6.65,5.7,5.35,5.53,38,38.11
396.25,38,5.72,5.8,6.32,5.7,4.93,5.43,6.63,5.68,5.33,5.51,38,38.11
397.25,38,5.7,5.79,6.3,5.69,4.91,5.4,6.62,5.66,5.33,5.49,38,38.09
398.25,38,5.69,5.77,6.3,5.66,4.9,5.38,6.61,5.63,5.31,5.48,38,38.12
399.25,38,5.72,5.75,6.28,5.65,4.89,5.35,6.6,5.61,5.3,5.45,38,38.09
400.25,38,5.7,5.74,6.25,5.63,4.86,5.32,6.59,5.58,5.27,5.43,38,38.11
401.27,38,5.69,5.71,6.23,5.61,4.85,5.3,6.58,5.56,5.27,5.43,38,38.11
402.27,38,5.64,5.71,6.23,5.59,4.85,5.28,6.58,5.53,5.26,5.41,38,38.09
403.27,38,5.68,5.69,6.21,5.57,4.84,5.25,6.57,5.52,5.24,5.39,38,38.11
404.27,38,5.64,5.66,6.19,5.55,4.82,5.23,6.55,5.48,5.23,5.36,38,38.09
405.27,38,5.64,5.64,6.17,5.53,4.81,5.2,6.55,5.46,5.21,5.36,38,38.11
406.28,38,5.6,5.64,6.17,5.52,4.81,5.19,6.54,5.45,5.2,5.36,38,38.11
407.28,38,5.58,5.62,6.15,5.51,4.79,5.17,6.53,5.44,5.18,5.35,38,38.09
408.28,38,5.58,5.61,6.13,5.48,4.78,5.14,6.53,5.43,5.17,5.33,38,38.09
409.28,38,5.58,5.58,6.11,5.46,4.76,5.11,6.5,5.39,5.15,5.3,38,38.09
410.3,38,5.57,5.55,6.09,5.43,4.75,5.09,6.5,5.37,5.13,5.28,38,38.11
411.3,38,5.56,5.55,6.08,5.43,4.74,5.08,6.49,5.37,5.12,5.26,38,38.11
412.3,38,5.55,5.53,6.06,5.4,4.72,5.06,6.47,5.34,5.1,5.24,38,38.11
413.3,38,5.52,5.5,6.05,5.38,4.7,5.03,6.46,5.33,5.09,5.23,38,38.09
414.3,38,5.52,5.49,6.04,5.35,4.69,5.01,6.46,5.3,5.08,5.19,38,38.09
415.32,38,5.51,5.48,6.02,5.34,4.69,5,6.46,5.29,5.06,5.18,38,38.09
416.32,38,5.49,5.44,6,5.31,4.68,4.97,6.45,5.25,5.03,5.15,38,38.09
417.32,38,5.49,5.44,6,5.3,4.67,4.97,6.45,5.26,5.03,5.15,38,38.09
418.32,38,5.48,5.43,5.97,5.27,4.65,4.94,6.43,5.24,5.01,5.11,38,38.09
419.32,38,5.45,5.4,5.96,5.24,4.64,4.91,6.41,5.2,4.99,5.09,38,38.11
420.32,38,5.46,5.41,5.96,5.24,4.64,4.91,6.43,5.19,5,5.09,38,38.08
421.32,38,5.41,5.39,5.95,5.22,4.63,4.88,6.42,5.18,4.98,5.06,38,38.11
422.32,38,5.43,5.37,5.92,5.19,4.61,4.85,6.41,5.14,4.97,5.02,38,38.11
423.32,38,5.41,5.33,5.9,5.17,4.61,4.82,6.4,5.11,4.95,5.01,38,38.11
424.33,38,5.4,5.33,5.91,5.15,4.59,4.8,6.39,5.09,4.94,4.98,38,38.08
425.33,38,5.4,5.32,5.89,5.13,4.58,4.79,6.38,5.07,4.94,4.97,38,38.09
426.33,38,5.38,5.29,5.87,5.11,4.56,4.76,6.36,5.03,4.92,4.95,38,38.09
427.33,38,5.33,5.29,5.87,5.11,4.57,4.73,6.38,5.01,4.93,4.95,38,38.09
428.35,38,5.34,5.26,5.85,5.08,4.55,4.7,6.36,4.97,4.9,4.92,38,38.08
429.35,38,5.35,5.25,5.84,5.08,4.53,4.69,6.36,4.93,4.89,4.92,38,38.09
430.35,38,5.33,5.23,5.81,5.05,4.53,4.65,6.35,4.9,4.86,4.89,38,38.08
431.35,38,5.3,5.22,5.79,5.02,4.5,4.62,6.32,4.86,4.85,4.89,38,38.09
432.35,38,5.29,5.19,5.79,5.01,4.5,4.6,6.33,4.83,4.85,4.88,38,38.08
433.35,38,5.29,5.16,5.77,4.98,4.49,4.58,6.31,4.81,4.82,4.86,38,38.09
434.37,38,5.23,5.16,5.75,4.98,4.48,4.56,6.3,4.79,4.82,4.86,38,38.09
435.37,38,5.25,5.12,5.72,4.96,4.46,4.53,6.29,4.76,4.79,4.83,38,38.09
436.37,38,5.25,5.11,5.71,4.94,4.46,4.52,6.28,4.73,4.78,4.82,38,38.09
437.37,38,5.23,5.08,5.69,4.91,4.43,4.49,6.27,4.7,4.76,4.8,38,38.08
438.37,38,5.23,5.08,5.69,4.9,4.43,4.48,6.27,4.69,4.76,4.79,38,38.09
439.37,38,5.2,5.06,5.67,4.87,4.42,4.45,6.25,4.66,4.73,4.75,38,38.09
440.38,38,5.19,5.04,5.64,4.85,4.4,4.42,6.26,4.64,4.71,4.74,38,38.09
441.38,38,5.13,5.01,5.64,4.83,4.4,4.42,6.24,4.62,4.7,4.73,38,38.09
442.38,38,5.17,5,5.63,4.81,4.39,4.39,6.23,4.61,4.68,4.69,38,38.11
443.38,38,5.15,4.97,5.61,4.78,4.38,4.37,6.23,4.61,4.67,4.67,38,38.11
444.38,38,5.11,4.97,5.59,4.76,4.36,4.36,6.23,4.61,4.66,4.65,38,38.11
445.4,38,5.1,4.94,5.58,4.76,4.35,4.35,6.22,4.61,4.64,4.63,38,38.09
446.4,38,5.08,4.92,5.55,4.73,4.33,4.34,6.2,4.61,4.62,4.61,38,38.11
447.4,38,5.1,4.91,5.54,4.71,4.32,4.32,6.18,4.63,4.61,4.58,38,38.12
448.4,38,5.06,4.89,5.55,4.69,4.31,4.31,6.19,4.64,4.59,4.56,38,38.11
449.42,38,5.04,4.86,5.53,4.66,4.3,4.29,6.17,4.64,4.57,4.53,38,38.11
450.42,38,5.01,4.85,5.51,4.64,4.29,4.28,6.17,4.65,4.54,4.5,38,38.11
451.42,38,5.04,4.83,5.5,4.63,4.28,4.27,6.16,4.65,4.53,4.48,38,38.11
452.42,38,5.01,4.8,5.48,4.59,4.25,4.24,6.14,4.63,4.5,4.45,38,38.12
453.43,38,5.01,4.79,5.47,4.59,4.25,4.24,6.14,4.63,4.49,4.43,38,38.12
454.43,38,5,4.76,5.45,4.55,4.23,4.21,6.13,4.62,4.47,4.4,38,38.12
455.43,38,4.99,4.75,5.44,4.55,4.23,4.21,6.13,4.63,4.46,4.39,38,38.12
456.43,38,4.97,4.73,5.43,4.52,4.22,4.19,6.11,4.61,4.46,4.36,38,38.12
457.43,38,4.95,4.69,5.42,4.5,4.21,4.17,6.1,4.58,4.43,4.33,38,38.12
458.43,38,4.95,4.69,5.4,4.49,4.2,4.16,6.1,4.56,4.42,4.31,38,38.12
459.45,38,4.93,4.67,5.38,4.46,4.18,4.14,6.1,4.53,4.42,4.28,38,38.14
460.45,38,4.91,4.65,5.38,4.43,4.18,4.13,6.1,4.51,4.4,4.25,38,38.14
461.45,38,4.9,4.63,5.36,4.42,4.16,4.11,6.07,4.49,4.39,4.22,38,38.12
462.45,38,4.89,4.61,5.35,4.41,4.16,4.08,6.08,4.46,4.37,4.21,38,38.14
463.47,38,4.89,4.6,5.34,4.4,4.15,4.07,6.07,4.45,4.37,4.19,38,38.12
464.47,38,4.87,4.57,5.33,4.37,4.14,4.05,6.05,4.41,4.35,4.18,38,38.12
465.47,38,4.81,4.55,5.33,4.35,4.14,4.04,6.06,4.39,4.35,4.18,38,38.12
466.47,38,4.85,4.52,5.32,4.33,4.12,4.01,6.06,4.36,4.33,4.15,38,38.14
467.48,38,4.85,4.51,5.29,4.32,4.11,4,6.05,4.35,4.32,4.14,38,38.14
468.48,38,4.82,4.49,5.28,4.3,4.11,3.98,6.04,4.33,4.3,4.14,38,38.14
469.48,38,4.81,4.46,5.27,4.28,4.09,3.95,6.04,4.31,4.29,4.12,38,38.14
470.5,38,4.79,4.44,5.24,4.25,4.08,3.93,6.03,4.29,4.28,4.11,38,38.15
471.5,38,4.77,4.44,5.24,4.23,4.07,3.91,6.02,4.27,4.26,4.1,38,38.15
472.5,38,4.77,4.42,5.23,4.21,4.07,3.89,6.02,4.25,4.26,4.08,38,38.14
473.5,38,4.76,4.39,5.22,4.18,4.06,3.86,6.01,4.22,4.24,4.07,38,38.15
474.52,38,4.75,4.39,5.21,4.15,4.05,3.82,6.01,4.2,4.24,4.04,38,38.14
475.52,38,4.74,4.38,5.2,4.13,4.05,3.81,6.01,4.18,4.24,4.03,38,38.15
476.52,38,4.73,4.36,5.19,4.11,4.05,3.79,6.02,4.16,4.24,4.02,38,38.15
477.52,38,4.72,4.33,5.18,4.09,4.03,3.76,5.99,4.13,4.22,3.99,38,38.15
478.53,38,4.69,4.31,5.15,4.07,4.02,3.73,5.99,4.1,4.21,3.97,38,38.14
479.53,38,4.63,4.28,5.13,4.04,4.01,3.7,5.97,4.07,4.18,3.93,38,38.15
480.53,38,4.66,4.27,5.1,4.03,4,3.67,5.98,4.04,4.18,3.9,38,38.15
481.53,38,4.65,4.24,5.1,4.01,3.98,3.65,5.97,4.01,4.17,3.87,38,38.14
482.53,38,4.62,4.22,5.07,3.98,3.97,3.61,5.96,3.97,4.14,3.85,38,38.15
483.55,38,4.63,4.2,5.06,3.96,3.97,3.58,5.94,3.95,4.14,3.82,38,38.16
484.55,38,4.61,4.18,5.04,3.94,3.95,3.55,5.93,3.91,4.11,3.79,38,38.15
485.55,38,4.57,4.16,5.03,3.93,3.94,3.52,5.93,3.88,4.09,3.77,38,38.15
486.55,38,4.54,4.13,5,3.89,3.93,3.49,5.91,3.85,4.07,3.75,38,38.15
487.55,38,4.57,4.11,4.99,3.88,3.92,3.46,5.91,3.82,4.07,3.73,38,38.15
488.55,38,4.56,4.1,4.98,3.85,3.91,3.43,5.91,3.79,4.06,3.7,38,38.15
489.55,38,4.54,4.07,4.97,3.82,3.91,3.4,5.9,3.75,4.04,3.67,38,38.15
490.55,38,4.53,4.04,4.94,3.79,3.88,3.37,5.89,3.7,4.02,3.64,38,38.16
491.57,38,4.52,4.01,4.93,3.78,3.88,3.35,5.88,3.67,4.01,3.62,38,38.15
492.57,38,4.5,4,4.9,3.74,3.87,3.32,5.86,3.64,3.99,3.58,38,38.15
493.57,38,4.49,3.98,4.89,3.72,3.86,3.29,5.86,3.59,3.98,3.55,38,38.15
494.57,38,4.46,3.95,4.89,3.7,3.86,3.26,5.86,3.58,3.96,3.54,38,38.15
495.57,38,4.46,3.94,4.87,3.67,3.84,3.24,5.85,3.55,3.95,3.52,38,38.15
496.57,38,4.41,3.91,4.86,3.65,3.83,3.21,5.84,3.52,3.92,3.49,38,38.15
497.58,38,4.43,3.88,4.83,3.61,3.82,3.17,5.82,3.48,3.9,3.46,38,38.15
498.58,38,4.41,3.86,4.83,3.58,3.82,3.16,5.83,3.47,3.89,3.44,38,38.16
499.58,38,4.42,3.85,4.81,3.57,3.8,3.12,5.82,3.45,3.88,3.43,38,38.16
500.58,38,4.4,3.82,4.8,3.53,3.79,3.09,5.8,3.42,3.87,3.39,38,38.16
501.58,38,4.39,3.81,4.78,3.51,3.78,3.06,5.81,3.4,3.86,3.36,38,38.15
502.6,38,4.38,3.79,4.77,3.48,3.77,3.03,5.81,3.38,3.84,3.33,38,38.15
503.6,38,4.36,3.77,4.75,3.46,3.77,3,5.8,3.35,3.83,3.31,38,38.16
504.62,38,4.33,3.76,4.73,3.43,3.76,2.97,5.79,3.32,3.82,3.29,38,38.16
505.62,38,4.33,3.74,4.72,3.4,3.75,2.93,5.78,3.29,3.81,3.25,38,38.15
506.62,38,4.32,3.72,4.7,3.39,3.75,2.91,5.77,3.26,3.8,3.24,38,38.15
507.62,38,4.3,3.67,4.68,3.34,3.72,2.86,5.76,3.24,3.78,3.21,38,38.16
508.62,38,4.24,3.67,4.66,3.32,3.72,2.82,5.75,3.2,3.77,3.18,38,38.15
509.62,38,4.28,3.64,4.65,3.29,3.7,2.78,5.75,3.16,3.76,3.17,38,38.15
510.62,38,4.24,3.61,4.63,3.26,3.7,2.75,5.74,3.14,3.75,3.16,38,38.15
511.62,38,4.24,3.58,4.61,3.24,3.69,2.71,5.74,3.1,3.73,3.14,38,38.15
512.63,38,4.23,3.55,4.59,3.19,3.66,2.67,5.72,3.05,3.7,3.12,38,38.15
513.63,38,4.21,3.53,4.56,3.18,3.67,2.63,5.72,3.03,3.69,3.1,38,38.15
514.63,38,4.19,3.52,4.57,3.14,3.66,2.58,5.72,3,3.68,3.07,38,38.15
515.63,38,4.19,3.49,4.54,3.1,3.64,2.53,5.7,2.95,3.67,3.05,38,38.15
516.65,38,4.15,3.49,4.53,3.08,3.64,2.48,5.7,2.91,3.64,3.01,38,38.15
517.65,38,4.16,3.46,4.51,3.04,3.62,2.43,5.69,2.87,3.62,2.96,38,38.15
518.65,38,4.14,3.43,4.5,3,3.61,2.37,5.68,2.83,3.61,2.92,38,38.15
519.65,38,4.08,3.41,4.48,2.98,3.61,2.31,5.68,2.8,3.6,2.87,38,38.15
520.67,38,4.11,3.39,4.46,2.95,3.6,2.24,5.65,2.77,3.58,2.84,38,38.15
521.67,38,4.1,3.37,4.45,2.92,3.58,2.17,5.66,2.74,3.57,2.8,38,38.15
522.67,38,4.08,3.34,4.42,2.89,3.56,2.11,5.65,2.7,3.54,2.75,38,38.15
523.67,38,4.07,3.32,4.42,2.87,3.56,2.05,5.64,2.67,3.54,2.71,38,38.15
524.67,38,4.06,3.29,4.4,2.85,3.55,1.98,5.63,2.63,3.52,2.65,38,38.15
525.67,38,4.04,3.27,4.38,2.82,3.54,1.92,5.64,2.6,3.51,2.6,38,38.15
526.68,38,4.03,3.26,4.37,2.8,3.53,1.85,5.62,2.54,3.49,2.56,38,38.15
527.68,38,4.01,3.25,4.34,2.77,3.52,1.79,5.61,2.5,3.46,2.5,38,38.15
528.68,38,4,3.24,4.32,2.74,3.51,1.73,5.59,2.45,3.45,2.46,38,38.15
529.68,38,3.99,3.21,4.3,2.7,3.49,1.7,5.59,2.4,3.43,2.41,38,38.15
530.68,38,3.97,3.18,4.29,2.66,3.49,1.67,5.58,2.35,3.42,2.38,38,38.15
531.68,38,3.95,3.15,4.28,2.63,3.47,1.65,5.58,2.3,3.41,2.36,38,38.15
532.68,38,3.91,3.14,4.26,2.6,3.46,1.63,5.56,2.26,3.39,2.35,38,38.15
533.68,38,3.92,3.09,4.22,2.54,3.46,1.63,5.56,2.21,3.38,2.35,38,38.15
534.7,38,3.91,3.08,4.21,2.53,3.45,1.63,5.55,2.17,3.36,2.37,38,38.15
535.7,38,3.85,3.05,4.2,2.49,3.43,1.62,5.54,2.13,3.35,2.36,38,38.14
536.7,38,3.88,3.03,4.18,2.46,3.42,1.63,5.52,2.1,3.32,2.38,38,38.14
537.7,38,3.85,3,4.15,2.44,3.41,1.63,5.51,2.08,3.3,2.38,38,38.15
538.7,38,3.83,2.99,4.14,2.4,3.4,1.65,5.52,2.08,3.29,2.39,38,38.15
539.7,38,3.79,2.96,4.12,2.37,3.38,1.65,5.51,2.06,3.26,2.38,38,38.15
540.7,38,3.82,2.94,4.11,2.33,3.38,1.67,5.5,2.06,3.26,2.37,38,38.15
541.72,38,3.81,2.92,4.09,2.29,3.37,1.68,5.48,2.05,3.24,2.37,38,38.15
542.72,38,3.79,2.9,4.07,2.26,3.35,1.68,5.47,2.04,3.23,2.35,38,38.14
543.73,38,3.78,2.87,4.06,2.23,3.34,1.68,5.47,2.04,3.21,2.34,38,38.14
544.73,38,3.77,2.85,4.04,2.19,3.34,1.67,5.46,2.03,3.19,2.34,38,38.15
545.73,38,3.75,2.84,4.02,2.17,3.32,1.68,5.46,2.01,3.17,2.34,38,38.15
546.73,38,3.73,2.8,4.01,2.14,3.31,1.66,5.44,2,3.16,2.33,38,38.15
547.73,38,3.72,2.79,4,2.11,3.3,1.63,5.43,1.98,3.13,2.31,38,38.14
548.73,38,3.67,2.75,3.97,2.08,3.29,1.6,5.43,1.94,3.12,2.3,38,38.15
549.73,38,3.68,2.72,3.95,2.04,3.28,1.57,5.42,1.9,3.1,2.27,38,38.14
550.75,38,3.63,2.71,3.94,2.02,3.26,1.55,5.42,1.85,3.1,2.24,38,38.14
551.75,38,3.66,2.69,3.92,1.99,3.26,1.5,5.4,1.79,3.07,2.19,38,38.14
552.75,38,3.64,2.66,3.89,1.96,3.26,1.44,5.39,1.73,3.05,2.14,38,38.14
553.75,38,3.62,2.63,3.88,1.94,3.24,1.39,5.38,1.67,3.03,2.1,38,38.12
554.75,38,3.62,2.63,3.88,1.92,3.24,1.34,5.38,1.61,3.03,2.06,38,38.14
555.77,38,3.6,2.6,3.85,1.88,3.23,1.29,5.36,1.54,3,2.02,38,38.14
556.77,38,3.58,2.57,3.84,1.85,3.21,1.25,5.36,1.51,2.99,1.99,38,38.12
557.77,38,3.58,2.57,3.82,1.83,3.2,1.23,5.37,1.49,2.97,1.96,38,38.12
558.77,38,3.55,2.54,3.8,1.79,3.19,1.2,5.34,1.48,2.95,1.92,38,38.12
559.77,38,3.53,2.51,3.78,1.75,3.17,1.2,5.33,1.48,2.94,1.88,38,38.14
560.78,38,3.53,2.49,3.76,1.73,3.17,1.19,5.33,1.5,2.93,1.87,38,38.14
561.78,38,3.46,2.48,3.76,1.7,3.16,1.2,5.33,1.53,2.92,1.85,38,38.15
562.78,38,3.48,2.44,3.72,1.67,3.13,1.18,5.3,1.54,2.88,1.82,38,38.14
563.78,38,3.48,2.42,3.72,1.65,3.13,1.2,5.29,1.57,2.87,1.81,38,38.14
564.8,38,3.47,2.39,3.7,1.63,3.13,1.19,5.29,1.57,2.85,1.81,38,38.12
565.8,38,3.46,2.37,3.68,1.61,3.12,1.18,5.29,1.58,2.84,1.79,38,38.14
566.8,38,3.44,2.34,3.67,1.59,3.11,1.18,5.29,1.58,2.82,1.78,38,38.12
567.8,38,3.41,2.31,3.64,1.54,3.09,1.16,5.25,1.57,2.8,1.75,38,38.12
568.8,38,3.4,2.29,3.62,1.52,3.08,1.15,5.25,1.57,2.78,1.73,38,38.12
569.82,38,3.38,2.28,3.61,1.49,3.08,1.14,5.24,1.55,2.77,1.72,38,38.12
570.82,38,3.33,2.26,3.59,1.46,3.05,1.12,5.24,1.55,2.74,1.71,38,38.12
571.82,38,3.35,2.26,3.58,1.46,3.06,1.12,5.24,1.54,2.74,1.69,38,38.12
572.82,38,3.35,2.23,3.57,1.43,3.05,1.1,5.22,1.53,2.72,1.67,38,38.12
573.82,38,3.33,2.2,3.55,1.4,3.03,1.07,5.21,1.5,2.7,1.63,38,38.12
574.83,38,3.32,2.17,3.52,1.39,3.02,1.05,5.21,1.48,2.68,1.59,38,38.12
575.83,38,3.27,2.15,3.52,1.38,3.01,1.03,5.19,1.47,2.66,1.55,38,38.12
576.83,38,3.26,2.13,3.51,1.36,3,1.02,5.19,1.46,2.65,1.52,38,38.12
577.83,38,3.27,2.11,3.49,1.34,3,1.01,5.19,1.44,2.63,1.48,38,38.12
578.85,38,3.26,2.08,3.47,1.32,2.99,1,5.18,1.43,2.63,1.44,38,38.14
579.85,38,3.24,2.06,3.45,1.29,2.97,1,5.18,1.41,2.6,1.4,38,38.12
580.85,38,3.24,2.05,3.43,1.27,2.97,1,5.16,1.4,2.59,1.37,38,38.12
581.85,38,3.22,2.03,3.42,1.25,2.95,1,5.15,1.39,2.58,1.34,38,38.12
582.87,38,3.21,2,3.4,1.23,2.95,1,5.15,1.4,2.57,1.31,38,38.12
583.87,38,3.19,1.97,3.38,1.23,2.94,1.02,5.14,1.4,2.56,1.28,38,38.11
584.87,38,3.15,1.95,3.36,1.21,2.91,1,5.12,1.4,2.53,1.24,38,38.12
585.87,38,3.16,1.94,3.37,1.2,2.92,1.02,5.13,1.4,2.51,1.23,38,38.12
586.87,38,3.15,1.91,3.35,1.18,2.91,1,5.1,1.38,2.49,1.2,38,38.12
587.87,38,3.11,1.89,3.35,1.18,2.9,1.01,5.1,1.38,2.49,1.2,38,38.12
588.87,38,3.13,1.87,3.32,1.18,2.89,1,5.09,1.34,2.46,1.18,38,38.12
589.87,38,3.11,1.84,3.3,1.17,2.88,0.99,5.08,1.33,2.45,1.16,38,38.12
590.87,38,3.1,1.83,3.29,1.18,2.87,0.99,5.07,1.32,2.44,1.16,38,38.12
591.87,38,3.07,1.81,3.26,1.18,2.85,0.97,5.06,1.31,2.42,1.12,38,38.11
592.88,38,3.06,1.8,3.24,1.19,2.85,0.97,5.06,1.32,2.4,1.12,38,38.12
593.88,38,3.05,1.78,3.22,1.2,2.84,0.96,5.06,1.33,2.39,1.12,38,38.14
594.88,38,3.03,1.75,3.21,1.19,2.82,0.95,5.04,1.34,2.37,1.12,38,38.12
595.88,38,3.01,1.72,3.19,1.17,2.82,0.94,5.01,1.34,2.35,1.11,38,38.12
596.88,38,2.99,1.69,3.18,1.15,2.8,0.94,5.01,1.36,2.33,1.11,38,38.12
597.9,38,2.97,1.66,3.16,1.12,2.79,0.93,5.01,1.38,2.31,1.09,38,38.12
598.9,38,2.96,1.64,3.16,1.12,2.78,0.93,5,1.4,2.29,1.06,38,38.12
599.9,38,2.95,1.63,3.13,1.1,2.77,0.93,4.99,1.43,2.28,1.03,38,38.12
600.9,38,2.91,1.61,3.13,1.09,2.77,0.95,4.99,1.45,2.26,1.02,38,38.12
601.9,38,2.93,1.59,3.11,1.07,2.76,0.94,4.97,1.44,2.23,0.99,38,38.12
602.9,38,2.9,1.59,3.11,1.06,2.76,0.94,4.98,1.44,2.21,0.97,38,38.12
603.92,38,2.85,1.57,3.09,1.05,2.74,0.93,4.97,1.4,2.19,0.93,38,38.12
604.92,38,2.89,1.55,3.08,1.05,2.73,0.93,4.95,1.39,2.18,0.9,38,38.12
605.92,38,2.85,1.54,3.08,1.05,2.72,0.93,4.96,1.38,2.17,0.88,38,38.12
606.92,38,2.87,1.52,3.06,1.05,2.71,0.92,4.94,1.37,2.16,0.86,38,38.12
607.93,38,2.84,1.5,3.03,1.05,2.7,0.9,4.94,1.35,2.14,0.84,38,38.12
608.93,38,2.82,1.47,3.03,1.05,2.69,0.9,4.93,1.34,2.12,0.82,38,38.14
609.93,38,2.81,1.46,3,1.07,2.68,0.89,4.91,1.35,2.11,0.82,38,38.14
610.93,38,2.8,1.44,2.99,1.08,2.68,0.89,4.92,1.35,2.09,0.83,38,38.12
611.93,38,2.77,1.41,2.97,1.07,2.66,0.87,4.89,1.34,2.06,0.82,38,38.15
612.95,38,2.77,1.39,2.96,1.07,2.65,0.87,4.89,1.34,2.04,0.83,38,38.15
613.95,38,2.75,1.37,2.94,1.07,2.64,0.86,4.88,1.33,2.03,0.84,38,38.14
614.95,38,2.74,1.36,2.92,1.06,2.63,0.84,4.88,1.33,2.02,0.84,38,38.14
615.95,38,2.7,1.34,2.91,1.06,2.63,0.83,4.87,1.32,2,0.85,38,38.14
616.95,38,2.72,1.33,2.91,1.06,2.63,0.84,4.86,1.32,2,0.87,38,38.14
617.97,38,2.69,1.32,2.9,1.06,2.62,0.82,4.86,1.32,1.99,0.87,38,38.14
618.97,38,2.68,1.29,2.87,1.05,2.6,0.82,4.84,1.31,1.96,0.87,38,38.15
619.97,38,2.67,1.29,2.86,1.03,2.59,0.82,4.84,1.31,1.95,0.86,38,38.15
620.97,38,2.66,1.27,2.86,1.04,2.59,0.82,4.84,1.32,1.94,0.86,38,38.16
621.98,38,2.65,1.26,2.85,1.03,2.58,0.82,4.83,1.32,1.93,0.86,38,38.15
622.98,38,2.63,1.24,2.84,1.02,2.56,0.81,4.81,1.31,1.9,0.86,38,38.15
623.98,38,2.62,1.23,2.82,1.02,2.56,0.81,4.82,1.31,1.87,0.87,38,38.15
624.98,38,2.6,1.22,2.81,1.01,2.56,0.81,4.81,1.3,1.85,0.86,38,38.14
626,38,2.59,1.21,2.8,1.02,2.54,0.8,4.81,1.29,1.85,0.86,38,38.15
627,38,2.56,1.2,2.79,1.01,2.53,0.79,4.81,1.28,1.84,0.86,38,38.14
628,38,2.59,1.2,2.79,1,2.53,0.79,4.81,1.29,1.86,0.85,38,38.15
629.02,38,2.58,1.21,2.8,1.02,2.54,0.78,4.83,1.27,1.88,0.84,38,38.12
630.02,38,2.57,1.22,2.8,1.02,2.54,0.77,4.83,1.27,1.89,0.84,38,38.14
631.03,38,2.56,1.22,2.79,1.01,2.53,0.77,4.82,1.26,1.9,0.84,38,38.15
632.03,38,2.55,1.23,2.78,1.03,2.52,0.77,4.82,1.27,1.92,0.86,38,38.14
633.03,38,2.53,1.21,2.75,1.02,2.51,0.77,4.81,1.26,1.92,0.86,38,38.14
634.03,38,2.49,1.21,2.75,1.04,2.52,0.78,4.82,1.27,1.92,0.89,38,38.14
635.05,38,2.5,1.16,2.72,1.02,2.49,0.77,4.79,1.25,1.9,0.88,38,38.15
636.05,38,2.49,1.16,2.7,1.03,2.49,0.77,4.79,1.26,1.87,0.88,38,38.15
637.05,38,2.47,1.15,2.68,1.03,2.48,0.76,4.77,1.26,1.85,0.87,38,38.14
638.05,38,2.46,1.16,2.67,1.04,2.47,0.76,4.77,1.27,1.83,0.87,38,38.14
639.05,38,2.44,1.14,2.64,1.03,2.46,0.76,4.75,1.25,1.79,0.86,38,38.12
640.05,38,2.4,1.13,2.62,1.03,2.44,0.74,4.74,1.25,1.78,0.85,38,38.14
641.07,38,2.37,1.12,2.6,1.02,2.44,0.74,4.73,1.26,1.76,0.84,38,38.15
642.07,38,2.39,1.11,2.59,1.02,2.43,0.74,4.73,1.27,1.74,0.84,38,38.14
643.08,38,2.38,1.11,2.57,1.02,2.41,0.74,4.7,1.26,1.73,0.82,38,38.14
644.08,38,2.34,1.09,2.55,1,2.4,0.73,4.7,1.25,1.71,0.81,38,38.12
645.08,38,2.35,1.09,2.54,1,2.39,0.74,4.69,1.25,1.69,0.8,38,38.14
646.08,38,2.3,1.09,2.52,1.01,2.39,0.74,4.68,1.25,1.68,0.81,38,38.12
647.08,38,2.33,1.09,2.51,1,2.37,0.74,4.68,1.25,1.66,0.79,38,38.14
648.08,38,2.3,1.08,2.49,0.99,2.37,0.73,4.67,1.24,1.64,0.79,38,38.12
649.08,38,2.31,1.09,2.48,1,2.36,0.74,4.65,1.25,1.62,0.79,38,38.12
650.08,38,2.27,1.09,2.46,1,2.35,0.74,4.66,1.25,1.61,0.8,38,38.12
651.1,38,2.28,1.07,2.45,0.99,2.33,0.73,4.64,1.23,1.59,0.79,38,38.12
652.1,38,2.22,1.07,2.42,0.98,2.33,0.73,4.63,1.23,1.57,0.78,38,38.12
653.1,38,2.25,1.05,2.42,0.99,2.32,0.74,4.62,1.23,1.57,0.79,38,38.12
654.1,38,2.24,1.05,2.4,0.98,2.3,0.73,4.62,1.23,1.55,0.79,38,38.12
655.1,38,2.19,1.05,2.38,0.99,2.3,0.72,4.61,1.23,1.54,0.78,38,38.12
656.1,38,2.22,1.05,2.37,0.99,2.29,0.72,4.6,1.23,1.53,0.78,38,38.12
657.1,38,2.19,1.05,2.35,0.99,2.28,0.72,4.58,1.23,1.51,0.77,38,38.12
658.1,38,2.18,1.05,2.33,0.99,2.26,0.72,4.58,1.23,1.5,0.78,38,38.12
659.1,38,2.16,1.05,2.3,0.98,2.26,0.72,4.57,1.23,1.48,0.77,38,38.12
660.1,38,2.15,1.05,2.29,0.98,2.25,0.72,4.57,1.24,1.46,0.77,38,38.12
661.12,38,2.13,1.04,2.28,0.98,2.24,0.73,4.54,1.24,1.44,0.77,38,38.12
662.12,38,2.08,1.03,2.26,0.98,2.22,0.71,4.54,1.23,1.42,0.76,38,38.12
663.12,38,2.11,1.03,2.24,0.97,2.22,0.72,4.53,1.24,1.4,0.76,38,38.12
664.12,38,2.1,1.03,2.24,0.98,2.21,0.72,4.53,1.24,1.38,0.76,38,38.12
665.12,38,2.08,1.03,2.23,0.97,2.2,0.72,4.53,1.25,1.36,0.77,38,38.12
666.13,38,2.07,1.03,2.2,0.97,2.19,0.72,4.51,1.23,1.34,0.76,38,38.12
667.13,38,2.05,1.02,2.18,0.96,2.17,0.71,4.5,1.23,1.32,0.76,38,38.12
668.13,38,2.04,1.03,2.18,0.97,2.17,0.71,4.5,1.23,1.31,0.77,38,38.12
669.15,38,2.04,1.03,2.17,0.98,2.17,0.71,4.5,1.23,1.29,0.77,38,38.12
670.15,38,2.02,1.03,2.15,0.97,2.15,0.72,4.49,1.23,1.29,0.77,38,38.14
671.15,38,2.01,1.02,2.14,0.97,2.14,0.71,4.47,1.22,1.25,0.77,38,38.12
672.15,38,1.99,1.03,2.13,0.98,2.14,0.72,4.46,1.23,1.25,0.77,38,38.12
673.15,38,1.96,1.02,2.11,0.97,2.13,0.72,4.46,1.22,1.23,0.77,38,38.12
674.15,38,1.97,1.02,2.1,0.97,2.13,0.71,4.44,1.23,1.21,0.77,38,38.12
675.17,38,1.95,1.02,2.09,0.98,2.11,0.72,4.44,1.23,1.2,0.77,38,38.12
676.17,38,1.94,1.01,2.07,0.98,2.11,0.72,4.43,1.23,1.18,0.77,38,38.12
677.17,38,1.91,1.02,2.06,0.96,2.08,0.71,4.42,1.22,1.16,0.76,38,38.12
678.17,38,1.92,1.02,2.04,0.97,2.08,0.71,4.42,1.22,1.14,0.76,38,38.12
679.17,38,1.91,1.02,2.04,0.98,2.08,0.71,4.42,1.22,1.12,0.76,38,38.12
680.17,38,1.88,1.01,2.01,0.97,2.06,0.71,4.39,1.21,1.1,0.75,38,38.14
681.18,38,1.88,1.02,2.02,0.97,2.06,0.71,4.4,1.22,1.09,0.76,38,38.12
682.18,38,1.83,1.01,1.99,0.97,2.04,0.71,4.39,1.22,1.08,0.76,38,38.12
683.18,38,1.82,1,1.98,0.96,2.03,0.71,4.38,1.21,1.06,0.74,38,38.14
684.2,38,1.85,1,1.98,0.97,2.03,0.71,4.38,1.22,1.05,0.75,38,38.14
685.2,38,1.83,1.02,1.96,0.97,2.03,0.71,4.37,1.23,1.05,0.75,38,38.12
686.2,38,1.82,1,1.94,0.96,2.01,0.71,4.35,1.21,1.03,0.74,38,38.14
687.2,38,1.81,1.01,1.94,0.96,2.01,0.71,4.35,1.22,1.03,0.74,38,38.12
688.2,38,1.8,1.01,1.94,0.96,2,0.71,4.35,1.22,1.02,0.75,38,38.14
689.2,38,1.79,1,1.94,0.96,2,0.71,4.34,1.21,1.01,0.75,38,38.14
690.2,38,1.79,1,1.92,0.96,2,0.71,4.34,1.22,1,0.75,38,38.14
691.2,38,1.77,1.01,1.92,0.96,1.98,0.71,4.34,1.22,0.97,0.75,38,38.14
692.2,38,1.76,1,1.9,0.96,1.98,0.71,4.32,1.23,0.95,0.76,38,38.12
693.22,38,1.75,1,1.9,0.96,1.98,0.71,4.32,1.22,0.94,0.75,38,38.14
694.22,38,1.73,1,1.88,0.96,1.96,0.71,4.31,1.22,0.92,0.75,38,38.14
695.22,38,1.72,1,1.87,0.96,1.96,0.71,4.31,1.21,0.91,0.76,38,38.15
696.22,38,1.72,1,1.86,0.96,1.95,0.71,4.3,1.23,0.91,0.76,38,38.15
697.22,38,1.71,1,1.85,0.96,1.95,0.71,4.29,1.22,0.9,0.75,38,38.15
698.22,38,1.7,1,1.85,0.96,1.94,0.71,4.29,1.23,0.88,0.76,38,38.15
699.23,38,1.69,0.99,1.84,0.96,1.92,0.71,4.26,1.22,0.87,0.74,38,38.14
700.23,38,1.67,0.99,1.83,0.96,1.92,0.71,4.26,1.22,0.85,0.74,38,38.15
701.23,38,1.65,1,1.83,0.98,1.92,0.71,4.27,1.22,0.84,0.76,38,38.14
702.23,38,1.65,1,1.83,0.97,1.91,0.71,4.26,1.22,0.84,0.76,38,38.15
703.23,38,1.63,0.99,1.8,0.95,1.9,0.69,4.24,1.2,0.81,0.75,38,38.14
704.23,38,1.63,1.01,1.81,0.97,1.9,0.71,4.25,1.22,0.82,0.76,38,38.15
705.23,38,1.63,1,1.79,0.96,1.9,0.71,4.24,1.21,0.8,0.75,38,38.15
706.23,38,1.61,1,1.79,0.96,1.9,0.71,4.24,1.21,0.79,0.75,38,38.15
707.25,38,1.61,1,1.79,0.96,1.89,0.71,4.24,1.21,0.79,0.76,38,38.15
708.25,38,1.59,0.99,1.78,0.96,1.87,0.7,4.24,1.22,0.78,0.75,38,38.15
709.25,38,1.54,1,1.76,0.96,1.87,0.7,4.22,1.21,0.78,0.75,38,38.15
710.25,38,1.53,0.99,1.76,0.96,1.87,0.71,4.21,1.21,0.78,0.75,38,38.15
711.25,38,1.57,0.99,1.76,0.96,1.87,0.71,4.21,1.22,0.79,0.75,38,38.15
712.27,38,1.57,1,1.75,0.96,1.85,0.71,4.21,1.23,0.78,0.76,38,38.15
713.27,38,1.55,1,1.74,0.96,1.85,0.71,4.21,1.21,0.76,0.74,38,38.15
714.27,38,1.53,0.99,1.73,0.96,1.84,0.7,4.19,1.22,0.75,0.75,38,38.15
715.27,38,1.53,0.99,1.72,0.96,1.83,0.7,4.18,1.21,0.74,0.74,38,38.15
716.27,38,1.52,0.99,1.73,0.96,1.83,0.71,4.18,1.22,0.72,0.74,38,38.16
717.28,38,1.5,0.99,1.71,0.96,1.83,0.71,4.17,1.23,0.7,0.75,38,38.15
718.28,38,1.5,1,1.71,0.96,1.82,0.71,4.18,1.22,0.69,0.75,38,38.16
719.28,38,1.49,0.99,1.69,0.96,1.81,0.71,4.16,1.21,0.67,0.74,38,38.15
720.28,38,1.48,0.99,1.69,0.96,1.81,0.7,4.16,1.21,0.66,0.74,38,38.16
721.28,38,1.48,1,1.68,0.96,1.81,0.71,4.15,1.21,0.67,0.74,38,38.16
722.3,38,1.46,1,1.67,0.96,1.8,0.71,4.15,1.21,0.67,0.74,38,38.15
723.3,38,1.46,0.99,1.67,0.95,1.79,0.71,4.14,1.21,0.66,0.74,38,38.15
724.3,38,1.44,0.98,1.67,0.96,1.79,0.71,4.13,1.21,0.67,0.74,38,38.15
725.3,38,1.42,0.99,1.66,0.96,1.78,0.71,4.12,1.21,0.67,0.74,38,38.16
726.3,38,1.44,0.99,1.64,0.95,1.77,0.7,4.11,1.22,0.66,0.74,38,38.16
727.3,38,1.43,0.99,1.64,0.96,1.77,0.71,4.11,1.21,0.66,0.74,38,38.16
728.3,38,1.4,0.99,1.63,0.96,1.77,0.7,4.11,1.21,0.65,0.74,38,38.16
729.32,38,1.41,0.98,1.63,0.96,1.76,0.71,4.1,1.21,0.64,0.74,38,38.18
730.32,38,1.4,0.98,1.61,0.96,1.75,0.69,4.08,1.21,0.61,0.74,38,38.18
731.32,38,1.39,0.98,1.6,0.96,1.74,0.7,4.07,1.21,0.59,0.74,38,38.18
732.32,38,1.38,0.99,1.59,0.96,1.74,0.71,4.07,1.21,0.59,0.74,38,38.18
733.32,38,1.37,0.98,1.59,0.96,1.73,0.7,4.07,1.21,0.59,0.74,38,38.16
734.33,38,1.37,0.98,1.59,0.96,1.75,0.7,4.07,1.22,0.6,0.74,38,38.16
735.33,38,1.36,0.99,1.6,0.96,1.75,0.7,4.07,1.22,0.6,0.74,38,38.18
736.33,38,1.37,0.99,1.59,0.96,1.75,0.71,4.07,1.22,0.61,0.75,38,38.16
737.33,38,1.36,0.99,1.6,0.96,1.75,0.69,4.07,1.21,0.62,0.75,38,38.16
738.33,38,1.36,0.98,1.59,0.95,1.75,0.69,4.07,1.21,0.62,0.74,38,38.15
739.35,38,1.36,0.98,1.6,0.95,1.75,0.69,4.07,1.21,0.64,0.74,38,38.15
740.35,38,1.33,0.98,1.59,0.95,1.75,0.69,4.08,1.21,0.64,0.74,38,38.16
741.35,38,1.33,0.98,1.57,0.96,1.74,0.69,4.07,1.21,0.64,0.74,38,38.15
742.37,38,1.33,0.99,1.57,0.96,1.73,0.69,4.07,1.2,0.64,0.74,38,38.15
743.37,38,1.33,0.99,1.55,0.95,1.73,0.7,4.06,1.21,0.64,0.74,38,38.15
744.37,38,1.31,0.98,1.53,0.96,1.72,0.69,4.04,1.21,0.63,0.74,38,38.15
745.37,38,1.31,0.99,1.53,0.96,1.71,0.7,4.04,1.21,0.62,0.73,38,38.15
746.37,38,1.29,0.98,1.51,0.95,1.7,0.7,4.03,1.21,0.61,0.74,38,38.15
747.38,38,1.26,0.98,1.5,0.95,1.69,0.69,4,1.21,0.59,0.73,38,38.14
748.38,38,1.23,0.98,1.49,0.96,1.68,0.69,4.01,1.21,0.57,0.73,38,38.15
749.38,38,1.21,0.98,1.48,0.95,1.67,0.69,3.98,1.2,0.55,0.73,38,38.14
750.38,38,1.25,0.98,1.48,0.96,1.67,0.69,3.98,1.21,0.54,0.72,38,38.14
751.38,38,1.25,0.97,1.46,0.95,1.65,0.69,3.97,1.2,0.52,0.72,38,38.14
752.4,38,1.23,0.98,1.46,0.95,1.64,0.69,3.95,1.2,0.51,0.73,38,38.12
753.4,38,1.21,0.97,1.45,0.95,1.63,0.69,3.94,1.2,0.5,0.72,38,38.14
754.4,38,1.19,0.98,1.46,0.96,1.63,0.69,3.94,1.2,0.5,0.73,38,38.12
755.4,38,1.21,0.98,1.43,0.95,1.63,0.69,3.93,1.2,0.49,0.72,38,38.12
756.4,38,1.18,0.97,1.42,0.95,1.61,0.69,3.92,1.2,0.47,0.72,38,38.12
757.4,38,1.2,0.98,1.43,0.95,1.61,0.69,3.91,1.2,0.46,0.74,38,38.12
758.42,38,1.2,0.98,1.43,0.95,1.61,0.69,3.91,1.2,0.45,0.73,38,38.12
759.42,38,1.2,0.98,1.42,0.94,1.59,0.69,3.89,1.2,0.44,0.73,38,38.12
760.42,38,1.2,0.98,1.42,0.95,1.59,0.69,3.88,1.21,0.44,0.74,38,38.14
761.42,38,1.19,0.98,1.42,0.95,1.58,0.69,3.88,1.2,0.44,0.74,38,38.12
762.42,38,1.14,0.97,1.4,0.95,1.57,0.69,3.87,1.2,0.43,0.73,38,38.12
763.43,38,1.17,0.97,1.4,0.95,1.56,0.69,3.86,1.2,0.42,0.72,38,38.12
764.43,38,1.17,0.98,1.4,0.95,1.56,0.69,3.85,1.21,0.42,0.72,38,38.12
765.43,38,1.14,0.97,1.4,0.94,1.54,0.69,3.85,1.2,0.4,0.72,38,38.12
766.45,38,1.16,0.97,1.39,0.95,1.55,0.69,3.84,1.2,0.39,0.72,38,38.12
767.45,38,1.16,0.97,1.4,0.95,1.53,0.69,3.83,1.2,0.39,0.73,38,38.12
768.45,38,1.12,0.98,1.38,0.95,1.53,0.69,3.82,1.2,0.38,0.73,38,38.12
769.45,38,1.15,0.98,1.38,0.95,1.52,0.69,3.82,1.2,0.38,0.73,38,38.12
770.45,38,1.14,0.98,1.38,0.95,1.52,0.69,3.8,1.21,0.37,0.73,38,38.11
771.45,38,1.12,0.96,1.37,0.95,1.51,0.68,3.79,1.2,0.36,0.72,38,38.09
772.47,38,1.13,0.97,1.37,0.95,1.5,0.69,3.78,1.2,0.36,0.73,38,38.11
773.47,38,1.13,0.97,1.37,0.95,1.5,0.69,3.77,1.2,0.36,0.72,38,38.09
774.47,38,1.1,0.98,1.37,0.96,1.49,0.69,3.78,1.21,0.36,0.73,38,38.09
775.47,38,1.12,0.98,1.37,0.95,1.48,0.69,3.77,1.2,0.35,0.73,38,38.11
776.48,38,1.12,0.98,1.37,0.95,1.48,0.69,3.76,1.2,0.35,0.72,38,38.11
777.48,38,1.12,0.96,1.36,0.95,1.46,0.68,3.75,1.2,0.34,0.72,38,38.09
778.48,38,1.12,0.98,1.36,0.95,1.47,0.69,3.76,1.2,0.33,0.72,38,38.11
779.48,38,1.11,0.96,1.36,0.95,1.46,0.69,3.73,1.2,0.32,0.72,38,38.09
780.5,38,1.1,0.97,1.35,0.95,1.44,0.69,3.73,1.2,0.31,0.72,38,38.09
781.5,38,1.1,0.97,1.35,0.95,1.44,0.69,3.71,1.2,0.31,0.72,38,38.11
782.5,38,1.07,0.96,1.34,0.94,1.43,0.67,3.7,1.2,0.31,0.71,38,38.12
783.52,38,1.09,0.97,1.35,0.94,1.43,0.69,3.69,1.2,0.31,0.72,38,38.11
784.52,38,1.08,0.96,1.34,0.93,1.42,0.68,3.67,1.2,0.29,0.72,38,38.11
785.52,38,1.08,0.96,1.34,0.94,1.4,0.68,3.67,1.19,0.28,0.71,38,38.09
786.52,38,1.07,0.96,1.34,0.94,1.41,0.69,3.66,1.2,0.29,0.72,38,38.09
787.53,38,1.08,0.97,1.34,0.93,1.4,0.68,3.66,1.2,0.28,0.72,38,38.09
788.53,38,1.09,0.97,1.35,0.95,1.4,0.69,3.66,1.2,0.3,0.72,38,38.12
789.53,38,1.08,0.97,1.34,0.95,1.4,0.69,3.65,1.2,0.29,0.72,38,38.11
790.53,38,1.07,0.96,1.34,0.94,1.38,0.68,3.64,1.19,0.28,0.72,38,38.09
791.53,38,1.07,0.96,1.34,0.93,1.38,0.68,3.64,1.2,0.28,0.72,38,38.09
792.53,38,1.08,0.97,1.34,0.95,1.38,0.69,3.64,1.2,0.3,0.72,38,38.09
793.55,38,1.07,0.96,1.34,0.95,1.38,0.69,3.63,1.2,0.29,0.72,38,38.11
794.55,38,1.07,0.96,1.34,0.95,1.38,0.69,3.62,1.2,0.29,0.72,38,38.11
795.55,38,1.07,0.96,1.34,0.95,1.38,0.68,3.61,1.2,0.28,0.72,38,38.11
796.55,38,1.06,0.98,1.34,0.95,1.38,0.69,3.61,1.2,0.28,0.73,38,38.09
797.57,38,1.07,0.96,1.34,0.95,1.36,0.68,3.6,1.19,0.27,0.72,38,38.11
798.57,38,1.07,0.96,1.34,0.95,1.36,0.69,3.59,1.2,0.27,0.72,38,38.09
799.57,38,1.06,0.96,1.33,0.95,1.36,0.69,3.58,1.2,0.27,0.72,38,38.11
800.57,38,1.06,0.97,1.33,0.95,1.36,0.69,3.59,1.2,0.27,0.72,38,38.11
801.57,38,1.01,0.95,1.32,0.93,1.35,0.67,3.56,1.19,0.26,0.71,38,38.09
802.58,38,1.05,0.96,1.33,0.94,1.34,0.68,3.56,1.19,0.26,0.72,38,38.11
803.58,38,1.05,0.96,1.33,0.94,1.34,0.69,3.57,1.2,0.26,0.72,38,38.09
804.58,38,1.03,0.96,1.33,0.95,1.33,0.68,3.55,1.2,0.26,0.72,38,38.12
805.6,38,1.05,0.96,1.33,0.95,1.34,0.68,3.55,1.2,0.27,0.72,38,38.12
806.6,38,1.04,0.96,1.33,0.95,1.33,0.68,3.54,1.2,0.26,0.71,38,38.09
807.6,38,1.05,0.96,1.33,0.95,1.33,0.69,3.54,1.21,0.27,0.71,38,38.11
808.6,38,1.05,0.96,1.33,0.95,1.33,0.68,3.54,1.2,0.27,0.72,38,38.11
809.6,38,1.02,0.96,1.33,0.95,1.33,0.68,3.52,1.2,0.27,0.72,38,38.12
810.6,38,1.05,0.97,1.33,0.94,1.33,0.68,3.52,1.2,0.27,0.72,38,38.12
811.62,38,1.05,0.96,1.33,0.95,1.32,0.69,3.52,1.2,0.27,0.72,38,38.12
812.62,38,1.05,0.97,1.33,0.95,1.32,0.69,3.51,1.2,0.26,0.72,38,38.11
813.62,38,1.03,0.96,1.32,0.93,1.31,0.67,3.49,1.19,0.25,0.71,38,38.12
814.63,38,1.02,0.96,1.33,0.95,1.31,0.69,3.49,1.2,0.25,0.72,38,38.12
815.63,38,1.03,0.96,1.32,0.93,1.31,0.68,3.48,1.19,0.25,0.71,38,38.11
816.63,38,1.03,0.97,1.32,0.94,1.31,0.69,3.47,1.2,0.25,0.71,38,38.12
817.63,38,1.04,0.97,1.32,0.95,1.31,0.69,3.48,1.2,0.26,0.72,38,38.12
818.63,38,1.02,0.96,1.31,0.94,1.29,0.68,3.46,1.19,0.25,0.72,38,38.12
819.63,38,1.05,0.97,1.33,0.96,1.31,0.69,3.47,1.2,0.27,0.73,38,38.12
820.63,38,1.02,0.96,1.31,0.94,1.29,0.68,3.46,1.2,0.25,0.71,38,38.11
821.63,38,1.03,0.96,1.31,0.95,1.29,0.68,3.46,1.2,0.25,0.72,38,38.12
822.63,38,1.01,0.96,1.31,0.94,1.29,0.68,3.45,1.19,0.25,0.71,38,38.12
823.63,38,1.04,0.97,1.32,0.95,1.29,0.69,3.45,1.2,0.26,0.72,38,38.12
824.63,38,1.03,0.96,1.31,0.94,1.27,0.69,3.42,1.2,0.25,0.71,38,38.12
825.65,38,1.03,0.96,1.31,0.94,1.28,0.68,3.43,1.2,0.25,0.72,38,38.12
826.65,38,1,0.96,1.31,0.94,1.28,0.68,3.43,1.2,0.25,0.72,38,38.12
827.65,38,1.03,0.97,1.32,0.95,1.28,0.69,3.42,1.2,0.25,0.72,38,38.14
828.65,38,1.03,0.96,1.31,0.94,1.27,0.68,3.4,1.2,0.25,0.72,38,38.12
829.67,38,1.03,0.96,1.32,0.93,1.27,0.69,3.4,1.2,0.25,0.72,38,38.12
830.67,38,1.02,0.96,1.31,0.94,1.27,0.69,3.39,1.2,0.24,0.72,38,38.12
831.67,38,1.02,0.97,1.31,0.94,1.27,0.68,3.39,1.2,0.24,0.71,38,38.12
832.67,38,1.02,0.96,1.31,0.94,1.26,0.68,3.39,1.19,0.24,0.71,38,38.14
833.67,38,1.03,0.96,1.31,0.94,1.26,0.69,3.38,1.2,0.24,0.72,38,38.14
834.67,38,1.02,0.96,1.31,0.95,1.27,0.69,3.38,1.2,0.24,0.72,38,38.14
835.67,38,1.02,0.96,1.31,0.94,1.26,0.69,3.38,1.2,0.25,0.72,38,38.12
836.67,38,1.02,0.96,1.31,0.94,1.26,0.69,3.38,1.2,0.25,0.72,38,38.14
837.67,38,1.03,0.97,1.31,0.94,1.25,0.69,3.38,1.2,0.24,0.72,38,38.12
838.67,38,0.99,0.96,1.31,0.94,1.25,0.68,3.37,1.2,0.24,0.72,38,38.12
839.68,38,1,0.96,1.31,0.94,1.24,0.68,3.35,1.2,0.24,0.72,38,38.14
840.68,38,1.02,0.96,1.31,0.95,1.25,0.68,3.36,1.2,0.24,0.72,38,38.14
841.68,38,1.01,0.96,1.31,0.95,1.24,0.69,3.34,1.2,0.24,0.71,38,38.14
842.68,38,0.99,0.96,1.31,0.95,1.25,0.69,3.35,1.2,0.24,0.72,38,38.12
843.68,38,1,0.97,1.31,0.95,1.25,0.69,3.35,1.2,0.24,0.72,38,38.12
844.68,38,1,0.96,1.29,0.94,1.23,0.68,3.33,1.18,0.23,0.71,38,38.14
845.7,38,1.02,0.95,1.31,0.94,1.23,0.68,3.32,1.19,0.24,0.72,38,38.14
846.7,38,1.02,0.96,1.31,0.94,1.23,0.68,3.31,1.19,0.24,0.72,38,38.12
847.7,38,1.02,0.96,1.3,0.94,1.23,0.68,3.32,1.2,0.24,0.72,38,38.12
848.7,38,0.99,0.96,1.29,0.94,1.22,0.68,3.3,1.2,0.23,0.72,38,38.14
849.7,38,1.02,0.96,1.31,0.95,1.22,0.69,3.3,1.2,0.24,0.72,38,38.12
850.7,38,1.02,0.95,1.31,0.95,1.21,0.69,3.29,1.2,0.23,0.72,38,38.12
851.7,38,1,0.96,1.3,0.94,1.21,0.68,3.28,1.19,0.23,0.71,38,38.12
852.7,38,1.02,0.96,1.31,0.94,1.21,0.68,3.27,1.2,0.23,0.72,38,38.14
853.72,38,1,0.96,1.29,0.93,1.2,0.67,3.26,1.18,0.22,0.71,38,38.12
854.72,38,1.01,0.96,1.29,0.94,1.2,0.68,3.25,1.2,0.23,0.72,38,38.14
855.72,38,0.99,0.96,1.29,0.95,1.21,0.69,3.25,1.2,0.22,0.72,38,38.14
856.73,38,0.99,0.96,1.29,0.94,1.2,0.67,3.24,1.18,0.22,0.7,38,38.14
857.73,38,1.01,0.96,1.3,0.94,1.2,0.68,3.24,1.19,0.22,0.71,38,38.12
858.73,38,1.01,0.96,1.29,0.95,1.21,0.69,3.24,1.2,0.24,0.72,38,38.12
859.73,38,1.02,0.96,1.29,0.94,1.2,0.69,3.24,1.2,0.23,0.72,38,38.15
860.73,38,1.02,0.96,1.3,0.95,1.2,0.69,3.22,1.2,0.23,0.72,38,38.12
861.75,38,0.98,0.96,1.29,0.94,1.2,0.68,3.22,1.2,0.23,0.72,38,38.12
862.75,38,0.98,0.96,1.29,0.94,1.19,0.67,3.21,1.19,0.22,0.71,38,38.15
863.75,38,1.02,0.97,1.29,0.94,1.2,0.69,3.21,1.2,0.23,0.72,38,38.12
864.75,38,1.01,0.95,1.29,0.94,1.19,0.67,3.2,1.2,0.22,0.71,38,38.14
865.77,38,0.98,0.96,1.29,0.94,1.19,0.68,3.2,1.19,0.22,0.71,38,38.14
866.77,38,1.01,0.97,1.3,0.95,1.19,0.69,3.21,1.2,0.23,0.72,38,38.14
867.77,38,1.01,0.96,1.3,0.95,1.19,0.69,3.19,1.2,0.22,0.72,38,38.14
868.77,38,1.01,0.96,1.3,0.95,1.19,0.68,3.18,1.2,0.22,0.72,38,38.15
869.77,38,1.02,0.97,1.31,0.95,1.18,0.69,3.18,1.2,0.23,0.72,38,38.14
870.77,38,1.01,0.96,1.29,0.95,1.18,0.69,3.18,1.2,0.22,0.72,38,38.15
871.77,38,1,0.96,1.29,0.94,1.18,0.68,3.17,1.2,0.22,0.72,38,38.15
872.78,38,1,0.96,1.29,0.93,1.18,0.68,3.16,1.19,0.22,0.71,38,38.15
873.78,38,1,0.96,1.29,0.93,1.17,0.67,3.15,1.19,0.22,0.71,38,38.14
874.78,38,0.98,0.96,1.29,0.94,1.18,0.68,3.15,1.2,0.22,0.71,38,38.15
875.78,38,1,0.96,1.29,0.93,1.17,0.68,3.13,1.19,0.22,0.71,38,38.14
876.78,38,1,0.96,1.29,0.95,1.17,0.68,3.13,1.2,0.22,0.71,38,38.14
877.78,38,0.98,0.97,1.29,0.95,1.18,0.69,3.13,1.2,0.22,0.72,38,38.14
878.78,38,1,0.96,1.29,0.94,1.17,0.69,3.13,1.2,0.22,0.72,38,38.14
879.8,38,1,0.96,1.29,0.95,1.17,0.67,3.11,1.2,0.22,0.71,38,38.15
880.8,38,1,0.96,1.29,0.94,1.17,0.69,3.1,1.2,0.22,0.71,38,38.14
881.8,38,1.01,0.97,1.29,0.95,1.17,0.69,3.1,1.2,0.22,0.72,38,38.12
882.8,38,0.99,0.96,1.29,0.95,1.16,0.69,3.1,1.2,0.22,0.72,38,38.14
883.82,38,1,0.96,1.28,0.94,1.16,0.68,3.08,1.18,0.22,0.71,38,38.14
884.82,38,0.98,0.96,1.29,0.94,1.16,0.67,3.08,1.19,0.22,0.71,38,38.14
885.82,38,0.97,0.96,1.29,0.94,1.16,0.68,3.08,1.19,0.22,0.71,38,38.15
886.82,38,0.98,0.96,1.29,0.94,1.16,0.68,3.07,1.2,0.22,0.71,38,38.14
887.83,38,1,0.96,1.29,0.95,1.16,0.69,3.06,1.2,0.21,0.71,38,38.15
888.83,38,1,0.96,1.29,0.94,1.15,0.68,3.05,1.2,0.21,0.71,38,38.14
889.83,38,1,0.96,1.28,0.93,1.15,0.67,3.05,1.2,0.21,0.71,38,38.14
890.83,38,1,0.96,1.29,0.94,1.16,0.67,3.05,1.2,0.21,0.71,38,38.14
891.83,38,1,0.96,1.29,0.93,1.15,0.68,3.05,1.2,0.22,0.72,38,38.15
892.83,38,1,0.96,1.29,0.93,1.15,0.68,3.05,1.18,0.22,0.71,38,38.15
893.83,38,1,0.96,1.29,0.95,1.14,0.68,3.03,1.2,0.21,0.72,38,38.15
894.83,38,1,0.95,1.28,0.93,1.14,0.67,3.03,1.19,0.21,0.71,38,38.14
895.85,38,1,0.96,1.29,0.94,1.15,0.68,3.03,1.2,0.21,0.72,38,38.14
896.85,38,1,0.96,1.29,0.95,1.15,0.69,3.02,1.2,0.22,0.72,38,38.15
897.85,38,1,0.96,1.29,0.94,1.14,0.68,3.01,1.2,0.21,0.71,38,38.15
898.85,38,0.99,0.96,1.27,0.94,1.14,0.67,3,1.18,0.2,0.71,38,38.15
899.87,38,1.01,0.96,1.29,0.95,1.14,0.69,3,1.2,0.22,0.72,38,38.15
900.87,38,1,0.96,1.29,0.94,1.14,0.68,3,1.19,0.22,0.71,38,38.15
901.87,38,1,0.95,1.28,0.94,1.14,0.68,2.99,1.19,0.21,0.71,38,38.15
902.87,38,1,0.96,1.29,0.95,1.14,0.69,2.99,1.2,0.2,0.71,38,38.15
903.87,38,1,0.96,1.29,0.94,1.14,0.68,2.99,1.19,0.21,0.71,38,38.15
904.87,38,1,0.95,1.27,0.94,1.14,0.67,2.97,1.19,0.2,0.71,38,38.15
905.88,38,1,0.96,1.28,0.94,1.14,0.68,2.97,1.19,0.22,0.72,38,38.15
906.88,38,1,0.96,1.29,0.94,1.13,0.69,2.96,1.19,0.21,0.71,38,38.15
907.88,38,1,0.96,1.28,0.93,1.14,0.68,2.96,1.19,0.21,0.71,38,38.15
908.88,38,1,0.96,1.29,0.95,1.14,0.69,2.96,1.2,0.22,0.72,38,38.15
909.9,38,0.96,0.96,1.27,0.93,1.12,0.67,2.95,1.19,0.2,0.71,38,38.15
910.9,38,1,0.96,1.29,0.94,1.13,0.69,2.95,1.19,0.21,0.71,38,38.15
911.9,38,1,0.97,1.29,0.95,1.13,0.68,2.95,1.2,0.21,0.72,38,38.15
912.9,38,1,0.96,1.29,0.94,1.14,0.69,2.95,1.2,0.21,0.71,38,38.14
913.9,38,0.98,0.96,1.27,0.95,1.14,0.68,2.93,1.2,0.2,0.71,38,38.15
914.92,38,1,0.96,1.29,0.95,1.13,0.68,2.93,1.2,0.21,0.72,38,38.15
915.92,38,0.99,0.95,1.27,0.93,1.12,0.67,2.91,1.2,0.2,0.71,38,38.15
916.92,38,1,0.96,1.27,0.93,1.12,0.68,2.92,1.18,0.2,0.71,38,38.15
917.92,38,1,0.96,1.27,0.95,1.12,0.69,2.91,1.2,0.2,0.72,38,38.15
918.92,38,1,0.96,1.28,0.94,1.12,0.68,2.91,1.19,0.21,0.71,38,38.15
919.92,38,1,0.96,1.29,0.94,1.12,0.69,2.91,1.19,0.22,0.71,38,38.15
920.92,38,0.99,0.96,1.28,0.94,1.12,0.67,2.9,1.19,0.2,0.71,38,38.15
921.93,38,1,0.96,1.29,0.95,1.12,0.69,2.88,1.2,0.22,0.72,38,38.15
922.93,38,0.99,0.95,1.28,0.94,1.12,0.67,2.88,1.19,0.2,0.71,38,38.15
923.93,38,0.97,0.96,1.28,0.94,1.12,0.69,2.88,1.2,0.22,0.72,38,38.15
924.93,38,0.99,0.96,1.28,0.94,1.12,0.68,2.87,1.19,0.2,0.72,38,38.15
925.93,38,1,0.96,1.29,0.95,1.13,0.69,2.88,1.2,0.21,0.72,38,38.15
926.93,38,1,0.96,1.28,0.94,1.12,0.68,2.87,1.2,0.21,0.72,38,38.15
927.93,38,1,0.95,1.27,0.94,1.12,0.67,2.85,1.18,0.2,0.72,38,38.15
928.93,38,0.96,0.96,1.27,0.93,1.11,0.67,2.84,1.19,0.2,0.71,38,38.15
929.93,38,0.99,0.95,1.27,0.93,1.11,0.68,2.83,1.19,0.2,0.71,38,38.15
930.93,38,1,0.95,1.29,0.95,1.12,0.68,2.84,1.2,0.2,0.71,38,38.15
931.95,38,0.99,0.95,1.28,0.93,1.12,0.68,2.84,1.19,0.2,0.72,38,38.15
932.95,38,1,0.96,1.28,0.94,1.11,0.68,2.83,1.19,0.2,0.71,38,38.15
933.97,38,0.99,0.96,1.28,0.93,1.12,0.68,2.82,1.19,0.2,0.71,38,38.15
934.97,38,1,0.96,1.28,0.94,1.12,0.67,2.82,1.19,0.21,0.72,38,38.15
935.97,38,0.99,0.95,1.27,0.94,1.11,0.67,2.82,1.19,0.2,0.71,38,38.15
936.98,38,0.96,0.96,1.28,0.95,1.11,0.68,2.81,1.2,0.2,0.71,38,38.15
937.98,38,0.99,0.95,1.28,0.94,1.11,0.68,2.8,1.19,0.2,0.71,38,38.15
938.98,38,1,0.96,1.27,0.93,1.11,0.68,2.8,1.19,0.2,0.71,38,38.15
939.98,38,0.99,0.96,1.27,0.94,1.11,0.68,2.79,1.19,0.2,0.71,38,38.15
940.98,38,1,0.96,1.29,0.95,1.11,0.69,2.8,1.19,0.2,0.71,38,38.15
942,38,1,0.97,1.29,0.95,1.11,0.69,2.79,1.2,0.21,0.72,38,38.15
943,38,1,0.96,1.28,0.94,1.11,0.69,2.78,1.19,0.2,0.71,38,38.15
944,38,1,0.96,1.28,0.94,1.11,0.69,2.77,1.2,0.2,0.72,38,38.15
945,38,0.99,0.96,1.27,0.94,1.11,0.68,2.76,1.19,0.2,0.71,38,38.15
946,38,0.99,0.96,1.27,0.94,1.1,0.69,2.77,1.2,0.2,0.71,38,38.15
947.02,38,1,0.97,1.29,0.95,1.11,0.69,2.77,1.2,0.2,0.72,38,38.14
948.02,38,0.99,0.96,1.28,0.94,1.11,0.68,2.76,1.2,0.2,0.72,38,38.14
949.02,38,0.97,0.96,1.27,0.93,1.1,0.68,2.75,1.19,0.2,0.71,38,38.15
950.02,38,0.99,0.96,1.28,0.93,1.1,0.68,2.75,1.2,0.2,0.71,38,38.15
951.02,38,0.98,0.96,1.27,0.93,1.1,0.67,2.74,1.19,0.2,0.71,38,38.15
952.02,38,0.99,0.96,1.28,0.94,1.11,0.68,2.72,1.19,0.2,0.71,38,38.14
953.03,38,0.98,0.95,1.27,0.93,1.09,0.67,2.72,1.18,0.19,0.71,38,38.14
954.03,38,0.98,0.96,1.27,0.93,1.09,0.67,2.72,1.19,0.2,0.71,38,38.15
955.03,38,0.99,0.96,1.27,0.94,1.1,0.68,2.72,1.19,0.2,0.71,38,38.12
956.03,38,0.96,0.96,1.27,0.93,1.09,0.67,2.7,1.19,0.2,0.71,38,38.14
957.03,38,1,0.96,1.29,0.94,1.09,0.68,2.7,1.2,0.2,0.71,38,38.12
958.05,38,0.96,0.95,1.28,0.94,1.09,0.68,2.7,1.19,0.2,0.71,38,38.14
959.05,38,0.98,0.96,1.28,0.93,1.09,0.67,2.69,1.19,0.2,0.71,38,38.14
960.05,38,0.98,0.96,1.27,0.94,1.09,0.68,2.68,1.2,0.19,0.71,38,38.14
961.05,38,0.98,0.96,1.27,0.94,1.09,0.68,2.67,1.19,0.2,0.71,38,38.15
962.05,38,0.98,0.96,1.27,0.94,1.09,0.68,2.68,1.2,0.2,0.71,38,38.14
963.05,38,0.99,0.96,1.28,0.95,1.1,0.69,2.67,1.2,0.2,0.72,38,38.15
964.05,38,0.98,0.96,1.27,0.93,1.09,0.67,2.66,1.19,0.19,0.71,38,38.15
965.05,38,0.99,0.96,1.28,0.94,1.09,0.68,2.67,1.2,0.2,0.72,38,38.14
966.05,38,0.99,0.96,1.27,0.94,1.09,0.68,2.65,1.2,0.2,0.71,38,38.15
967.07,38,0.98,0.95,1.27,0.93,1.08,0.67,2.64,1.19,0.19,0.71,38,38.15
968.07,38,0.98,0.96,1.27,0.94,1.09,0.67,2.64,1.19,0.19,0.71,38,38.14
969.07,38,0.99,0.96,1.28,0.95,1.09,0.69,2.63,1.2,0.2,0.71,38,38.15
970.07,38,0.98,0.96,1.27,0.94,1.09,0.68,2.63,1.19,0.2,0.71,38,38.15
971.07,38,0.98,0.96,1.28,0.94,1.09,0.68,2.63,1.19,0.2,0.71,38,38.12
972.08,38,0.98,0.96,1.27,0.93,1.08,0.68,2.62,1.18,0.19,0.71,38,38.15
973.08,38,0.99,0.96,1.27,0.95,1.09,0.68,2.63,1.2,0.2,0.71,38,38.14
974.08,38,0.98,0.96,1.28,0.94,1.09,0.68,2.61,1.19,0.2,0.71,38,38.12
975.08,38,0.98,0.95,1.27,0.93,1.07,0.68,2.61,1.18,0.19,0.71,38,38.15
976.08,38,0.99,0.96,1.28,0.94,1.09,0.67,2.6,1.19,0.19,0.71,38,38.12
977.08,38,0.99,0.96,1.28,0.93,1.09,0.68,2.6,1.19,0.2,0.71,38,38.14
978.1,38,0.98,0.95,1.26,0.93,1.08,0.67,2.58,1.18,0.19,0.71,38,38.15
979.1,38,0.98,0.96,1.27,0.94,1.09,0.68,2.6,1.2,0.2,0.72,38,38.12
980.1,38,0.98,0.96,1.27,0.94,1.09,0.67,2.58,1.18,0.19,0.71,38,38.12
981.12,38,0.95,0.96,1.27,0.93,1.08,0.67,2.58,1.18,0.19,0.71,38,38.12
982.12,38,0.98,0.96,1.27,0.93,1.09,0.68,2.57,1.19,0.2,0.71,38,38.14
983.12,38,0.98,0.96,1.27,0.94,1.09,0.68,2.57,1.19,0.2,0.71,38,38.12
984.12,38,0.98,0.96,1.27,0.94,1.08,0.68,2.56,1.2,0.2,0.71,38,38.14
985.12,38,0.98,0.96,1.27,0.93,1.08,0.67,2.56,1.2,0.2,0.71,38,38.11
986.13,38,0.98,0.96,1.27,0.93,1.08,0.67,2.55,1.19,0.19,0.7,38,38.14
987.13,38,0.98,0.95,1.26,0.92,1.07,0.67,2.53,1.18,0.18,0.71,38,38.12
988.13,38,0.98,0.96,1.26,0.93,1.08,0.68,2.53,1.19,0.19,0.71,38,38.12
989.13,38,0.98,0.96,1.27,0.94,1.08,0.68,2.53,1.19,0.19,0.71,38,38.14
990.13,38,0.97,0.96,1.27,0.93,1.08,0.68,2.53,1.18,0.19,0.71,38,38.12
991.13,38,0.98,0.96,1.28,0.94,1.08,0.67,2.53,1.19,0.2,0.71,38,38.14
992.15,38,0.96,0.96,1.27,0.93,1.07,0.67,2.53,1.19,0.19,0.71,38,38.12
993.15,38,0.98,0.96,1.27,0.93,1.08,0.68,2.53,1.19,0.19,0.71,38,38.12
994.15,38,0.98,0.96,1.27,0.94,1.07,0.67,2.52,1.2,0.19,0.71,38,38.12
995.15,38,0.98,0.95,1.27,0.94,1.08,0.68,2.51,1.19,0.19,0.7,38,38.12
996.15,38,0.97,0.95,1.25,0.93,1.08,0.67,2.51,1.18,0.19,0.7,38,38.12
997.17,38,0.98,0.96,1.27,0.95,1.08,0.68,2.5,1.19,0.2,0.72,38,38.12
998.17,38,0.98,0.96,1.27,0.94,1.07,0.67,2.5,1.19,0.19,0.71,38,38.12
999.17,38,0.96,0.95,1.27,0.94,1.07,0.67,2.5,1.19,0.19,0.71,38,38.12
1000.17,38,0.96,0.96,1.27,0.93,1.07,0.67,2.49,1.18,0.19,0.71,38,38.12
1001.17,38,0.97,0.95,1.27,0.94,1.07,0.67,2.49,1.18,0.19,0.71,38,38.12
1002.17,38,0.98,0.95,1.27,0.93,1.08,0.68,2.49,1.19,0.2,0.71,38,38.12
1003.17,38,0.98,0.95,1.27,0.93,1.07,0.67,2.49,1.18,0.19,0.71,38,38.11
1004.18,38,0.97,0.95,1.27,0.94,1.07,0.67,2.49,1.19,0.19,0.72,38,38.11
1005.18,38,0.98,0.95,1.27,0.93,1.07,0.68,2.48,1.19,0.19,0.71,38,38.11
1006.18,38,0.98,0.96,1.27,0.93,1.07,0.68,2.48,1.19,0.19,0.71,38,38.12
1007.18,38,0.98,0.96,1.27,0.93,1.07,0.67,2.46,1.18,0.19,0.71,38,38.12
1008.2,38,0.97,0.95,1.26,0.93,1.07,0.67,2.45,1.18,0.19,0.71,38,38.11
1009.2,38,0.95,0.95,1.26,0.93,1.07,0.67,2.44,1.18,0.19,0.71,38,38.11
1010.2,38,0.96,0.94,1.26,0.93,1.06,0.67,2.43,1.18,0.19,0.71,38,38.11
1011.22,38,0.98,0.95,1.27,0.93,1.07,0.68,2.43,1.19,0.19,0.71,38,38.09
1012.22,38,0.95,0.95,1.27,0.93,1.06,0.67,2.42,1.18,0.19,0.71,38,38.11
1013.22,38,0.98,0.95,1.26,0.93,1.06,0.67,2.42,1.18,0.19,0.7,38,38.12
1014.22,38,0.95,0.96,1.27,0.93,1.06,0.67,2.42,1.18,0.19,0.71,38,38.11
1015.23,38,0.98,0.96,1.26,0.93,1.06,0.67,2.41,1.18,0.19,0.71,38,38.09
1016.23,38,0.97,0.95,1.26,0.93,1.06,0.67,2.4,1.18,0.19,0.71,38,38.11
1017.23,38,0.98,0.96,1.26,0.93,1.06,0.67,2.39,1.18,0.18,0.7,38,38.11
1018.23,38,0.95,0.95,1.26,0.94,1.06,0.67,2.39,1.19,0.19,0.71,38,38.09
1019.23,38,0.98,0.96,1.27,0.93,1.07,0.68,2.38,1.19,0.19,0.71,38,38.11
1020.25,38,0.99,0.96,1.27,0.94,1.07,0.68,2.38,1.19,0.2,0.71,38,38.09
1021.25,38,0.95,0.95,1.27,0.93,1.07,0.67,2.37,1.18,0.19,0.7,38,38.11
1022.25,38,0.98,0.95,1.26,0.93,1.07,0.67,2.36,1.18,0.19,0.7,38,38.11
1023.25,38,0.98,0.96,1.27,0.93,1.07,0.67,2.37,1.18,0.19,0.71,38,38.09
1024.25,38,0.98,0.95,1.27,0.93,1.07,0.67,2.37,1.19,0.19,0.71,38,38.09
1025.27,38,0.96,0.95,1.26,0.93,1.06,0.67,2.36,1.18,0.18,0.69,38,38.12
1026.27,38,0.97,0.94,1.26,0.93,1.05,0.66,2.35,1.18,0.17,0.7,38,38.09
1027.27,38,0.98,0.95,1.26,0.93,1.06,0.67,2.35,1.18,0.19,0.71,38,38.11
1028.27,38,0.96,0.95,1.26,0.93,1.06,0.67,2.35,1.18,0.19,0.71,38,38.12
1029.28,38,0.96,0.95,1.25,0.93,1.05,0.67,2.33,1.18,0.18,0.71,38,38.09
1030.28,38,0.96,0.95,1.26,0.93,1.05,0.67,2.33,1.18,0.19,0.71,38,38.11
1031.28,38,0.97,0.95,1.25,0.93,1.05,0.67,2.32,1.18,0.18,0.69,38,38.11
1032.3,38,0.98,0.96,1.27,0.93,1.06,0.67,2.32,1.19,0.19,0.71,38,38.11
1033.3,38,0.97,0.95,1.25,0.93,1.06,0.67,2.32,1.19,0.19,0.71,38,38.09
1034.3,38,0.96,0.95,1.27,0.93,1.07,0.67,2.33,1.18,0.19,0.71,38,38.09
1035.3,38,0.96,0.95,1.27,0.93,1.06,0.67,2.31,1.19,0.19,0.71,38,38.09
1036.3,38,0.95,0.96,1.26,0.93,1.05,0.67,2.31,1.19,0.19,0.71,38,38.11
1037.3,38,0.97,0.95,1.26,0.93,1.05,0.67,2.3,1.18,0.18,0.7,38,38.09
1038.3,38,0.98,0.95,1.26,0.93,1.07,0.67,2.3,1.19,0.19,0.71,38,38.11
1039.32,38,0.96,0.96,1.26,0.93,1.06,0.67,2.3,1.18,0.19,0.71,38,38.11
1040.32,38,0.97,0.95,1.25,0.93,1.05,0.66,2.28,1.18,0.18,0.7,38,38.09
1041.32,38,0.95,0.95,1.26,0.93,1.06,0.68,2.28,1.18,0.19,0.71,38,38.11
1042.32,38,0.98,0.95,1.27,0.93,1.05,0.67,2.28,1.19,0.18,0.7,38,38.11
1043.32,38,0.98,0.95,1.25,0.92,1.06,0.67,2.28,1.18,0.18,0.7,38,38.09
1044.32,38,0.97,0.95,1.25,0.93,1.05,0.67,2.26,1.18,0.18,0.7,38,38.09
1045.32,38,0.96,0.96,1.27,0.93,1.06,0.67,2.27,1.18,0.19,0.7,38,38.09
1046.32,38,0.97,0.95,1.26,0.92,1.05,0.67,2.26,1.18,0.18,0.7,38,38.11
1047.32,38,0.96,0.95,1.26,0.93,1.05,0.67,2.26,1.19,0.18,0.71,38,38.11
1048.32,38,0.98,0.96,1.27,0.93,1.07,0.67,2.26,1.19,0.19,0.71,38,38.09
1049.33,38,0.96,0.96,1.27,0.94,1.06,0.68,2.26,1.2,0.19,0.71,38,38.11
1050.33,38,0.95,0.96,1.25,0.93,1.06,0.67,2.25,1.18,0.18,0.71,38,38.11
1051.33,38,0.98,0.95,1.26,0.93,1.06,0.68,2.25,1.18,0.19,0.71,38,38.09
1052.33,38,0.98,0.95,1.26,0.93,1.06,0.67,2.25,1.19,0.19,0.71,38,38.09
1053.33,38,0.95,0.95,1.25,0.93,1.05,0.67,2.24,1.18,0.18,0.71,38,38.09
1054.33,38,0.96,0.95,1.27,0.93,1.05,0.67,2.24,1.18,0.18,0.7,38,38.09
1055.35,38,0.97,0.96,1.26,0.93,1.06,0.68,2.25,1.18,0.19,0.71,38,38.11
1056.35,38,0.98,0.95,1.26,0.93,1.05,0.67,2.24,1.18,0.19,0.71,38,38.09
1057.35,38,0.97,0.95,1.26,0.93,1.05,0.67,2.24,1.18,0.18,0.71,38,38.09
1058.35,38,0.98,0.95,1.26,0.93,1.05,0.67,2.24,1.19,0.18,0.71,38,38.11
1059.37,38,0.98,0.96,1.27,0.94,1.06,0.67,2.22,1.19,0.19,0.7,38,38.09
1060.37,38,0.97,0.95,1.26,0.93,1.05,0.67,2.22,1.18,0.18,0.7,38,38.11
1061.37,38,0.97,0.96,1.27,0.93,1.05,0.67,2.22,1.18,0.19,0.71,38,38.11
1062.38,38,0.98,0.95,1.26,0.93,1.05,0.67,2.21,1.19,0.19,0.71,38,38.11
1063.38,38,0.96,0.95,1.26,0.93,1.05,0.67,2.19,1.18,0.19,0.7,38,38.11
1064.38,38,0.98,0.96,1.27,0.93,1.05,0.67,2.2,1.18,0.18,0.71,38,38.09
1065.38,38,0.98,0.96,1.27,0.93,1.05,0.68,2.2,1.18,0.19,0.71,38,38.11
1066.4,38,0.98,0.96,1.27,0.93,1.05,0.68,2.19,1.19,0.19,0.71,38,38.11
1067.4,38,0.97,0.96,1.25,0.93,1.05,0.67,2.19,1.18,0.18,0.7,38,38.08
1068.4,38,0.98,0.96,1.27,0.93,1.06,0.68,2.19,1.19,0.19,0.71,38,38.09
1069.4,38,0.97,0.95,1.25,0.93,1.05,0.67,2.18,1.18,0.18,0.71,38,38.11
1070.4,38,0.98,0.95,1.26,0.93,1.05,0.67,2.19,1.18,0.18,0.71,38,38.11
1071.4,38,0.97,0.95,1.26,0.92,1.05,0.67,2.17,1.18,0.17,0.7,38,38.12
1072.42,38,0.97,0.95,1.25,0.93,1.05,0.67,2.17,1.17,0.18,0.7,38,38.09
1073.42,38,0.98,0.96,1.26,0.93,1.05,0.67,2.16,1.19,0.19,0.71,38,38.11
1074.42,38,0.97,0.95,1.25,0.91,1.04,0.66,2.15,1.17,0.17,0.7,38,38.09
1075.42,38,0.98,0.96,1.26,0.94,1.05,0.68,2.15,1.19,0.19,0.71,38,38.11
1076.42,38,0.95,0.95,1.26,0.93,1.05,0.67,2.15,1.18,0.19,0.71,38,38.11
1077.42,38,0.97,0.95,1.25,0.92,1.03,0.67,2.13,1.17,0.17,0.7,38,38.09
1078.42,38,0.98,0.96,1.27,0.93,1.05,0.67,2.14,1.19,0.19,0.71,38,38.12
1079.42,38,0.96,0.95,1.25,0.93,1.05,0.67,2.12,1.18,0.17,0.71,38,38.12
1080.42,38,0.97,0.95,1.26,0.92,1.04,0.67,2.11,1.18,0.19,0.7,38,38.11
1081.42,38,0.98,0.96,1.27,0.93,1.05,0.68,2.12,1.19,0.18,0.71,38,38.12
1082.43,38,0.97,0.95,1.25,0.93,1.05,0.67,2.11,1.18,0.18,0.71,38,38.11
1083.43,38,0.96,0.95,1.26,0.93,1.05,0.67,2.11,1.18,0.18,0.71,38,38.12
1084.43,38,0.97,0.95,1.25,0.93,1.05,0.67,2.11,1.18,0.17,0.69,38,38.12
1085.43,38,0.96,0.96,1.26,0.93,1.05,0.67,2.09,1.18,0.18,0.7,38,38.12
1086.45,38,0.98,0.95,1.25,0.93,1.05,0.67,2.08,1.18,0.17,0.7,38,38.11
1087.45,38,0.98,0.96,1.27,0.93,1.05,0.67,2.09,1.19,0.19,0.7,38,38.12
1088.45,38,0.97,0.95,1.25,0.93,1.05,0.67,2.07,1.18,0.18,0.7,38,38.12
1089.45,38,0.97,0.95,1.26,0.93,1.05,0.67,2.07,1.18,0.18,0.7,38,38.12
1090.45,38,0.95,0.95,1.26,0.93,1.05,0.67,2.06,1.18,0.17,0.71,38,38.14
1091.47,38,0.96,0.95,1.25,0.92,1.04,0.67,2.07,1.18,0.17,0.7,38,38.12
1092.47,38,0.98,0.96,1.27,0.93,1.05,0.67,2.06,1.18,0.18,0.71,38,38.14
1093.47,38,0.98,0.95,1.25,0.93,1.05,0.67,2.06,1.18,0.19,0.71,38,38.14
1094.47,38,0.98,0.96,1.27,0.94,1.05,0.67,2.06,1.18,0.18,0.71,38,38.12
1095.47,38,0.98,0.96,1.27,0.94,1.05,0.67,2.04,1.19,0.19,0.71,38,38.14
1096.47,38,0.98,0.95,1.26,0.93,1.05,0.67,2.04,1.19,0.18,0.71,38,38.14
1097.47,38,0.95,0.95,1.27,0.94,1.05,0.67,2.04,1.18,0.19,0.71,38,38.14
1098.48,38,0.98,0.95,1.27,0.93,1.05,0.67,2.04,1.18,0.18,0.71,38,38.14
1099.48,38,0.98,0.96,1.27,0.93,1.05,0.67,2.04,1.19,0.19,0.71,38,38.15
1100.48,38,0.98,0.95,1.26,0.93,1.05,0.67,2.02,1.18,0.18,0.71,38,38.15
1101.48,38,0.95,0.95,1.25,0.93,1.05,0.67,2.03,1.18,0.18,0.71,38,38.15
1102.5,38,0.98,0.95,1.26,0.93,1.05,0.67,2.04,1.19,0.18,0.71,38,38.15
1103.5,38,0.98,0.95,1.25,0.93,1.05,0.67,2.04,1.18,0.19,0.71,38,38.15
1104.5,38,0.98,0.96,1.27,0.94,1.05,0.67,2.06,1.18,0.19,0.71,38,38.15
1105.5,38,0.98,0.96,1.27,0.93,1.05,0.68,2.07,1.19,0.19,0.71,38,38.15
1106.5,38,0.96,0.95,1.25,0.93,1.05,0.67,2.08,1.18,0.18,0.7,38,38.15
1107.5,38,0.98,0.95,1.25,0.93,1.05,0.67,2.08,1.18,0.18,0.71,38,38.14
1108.5,38,0.95,0.95,1.26,0.93,1.05,0.67,2.09,1.18,0.19,0.71,38,38.14
1109.52,38,0.98,0.96,1.25,0.93,1.05,0.67,2.08,1.18,0.18,0.69,38,38.14
1110.52,38,0.98,0.96,1.26,0.93,1.05,0.67,2.08,1.19,0.19,0.71,38,38.15
1111.52,38,0.97,0.95,1.27,0.93,1.04,0.67,2.08,1.18,0.19,0.71,38,38.14
1112.52,38,0.98,0.96,1.27,0.94,1.05,0.67,2.08,1.19,0.19,0.72,38,38.14
1113.52,38,0.98,0.96,1.26,0.93,1.05,0.67,2.07,1.19,0.18,0.71,38,38.14
1114.52,38,0.97,0.95,1.26,0.93,1.05,0.67,2.07,1.18,0.19,0.71,38,38.14
1115.53,38,0.98,0.96,1.26,0.93,1.05,0.67,2.06,1.18,0.18,0.71,38,38.14
1116.53,38,0.95,0.96,1.26,0.93,1.04,0.67,2.05,1.19,0.18,0.7,38,38.12
1117.53,38,0.98,0.96,1.27,0.94,1.05,0.68,2.05,1.19,0.19,0.71,38,38.12
1118.53,38,0.97,0.96,1.25,0.92,1.04,0.66,2.03,1.18,0.17,0.7,38,38.12
1119.53,38,0.97,0.95,1.25,0.93,1.04,0.67,2.02,1.18,0.18,0.7,38,38.12
1120.55,38,0.97,0.96,1.26,0.93,1.04,0.67,2.02,1.18,0.18,0.71,38,38.12
1121.55,38,0.98,0.96,1.27,0.93,1.05,0.67,2.02,1.2,0.19,0.71,38,38.12
1122.55,38,0.98,0.95,1.27,0.94,1.05,0.68,2.02,1.18,0.19,0.71,38,38.12
1123.55,38,0.98,0.96,1.26,0.94,1.05,0.68,2,1.18,0.18,0.71,38,38.12
1124.55,38,0.98,0.96,1.27,0.93,1.05,0.68,1.99,1.18,0.18,0.71,38,38.12
1125.55,38,0.98,0.96,1.27,0.93,1.05,0.67,1.98,1.19,0.18,0.71,38,38.12
1126.57,38,0.97,0.96,1.26,0.93,1.05,0.67,1.98,1.19,0.18,0.71,38,38.12
1127.57,38,0.98,0.96,1.26,0.93,1.05,0.68,1.97,1.18,0.19,0.71,38,38.12
1128.57,38,0.97,0.95,1.26,0.93,1.05,0.67,1.97,1.2,0.18,0.71,38,38.11
1129.57,38,0.96,0.95,1.26,0.93,1.04,0.67,1.96,1.18,0.17,0.71,38,38.12
1130.57,38,0.98,0.95,1.26,0.93,1.04,0.67,1.95,1.18,0.18,0.71,38,38.12
1131.57,38,0.98,0.96,1.26,0.93,1.05,0.67,1.95,1.18,0.19,0.71,38,38.12
1132.58,38,0.97,0.96,1.26,0.93,1.03,0.67,1.94,1.18,0.17,0.7,38,38.11
1133.58,38,0.97,0.95,1.25,0.93,1.04,0.67,1.94,1.18,0.17,0.7,38,38.12
1134.58,38,0.98,0.95,1.26,0.93,1.04,0.67,1.94,1.18,0.18,0.71,38,38.12
1135.58,38,0.96,0.95,1.25,0.92,1.03,0.67,1.93,1.18,0.17,0.71,38,38.12
1136.58,38,0.98,0.96,1.27,0.93,1.05,0.67,1.93,1.18,0.18,0.71,38,38.12
1137.58,38,0.97,0.95,1.25,0.92,1.04,0.67,1.92,1.18,0.18,0.69,38,38.12
1138.58,38,0.97,0.96,1.27,0.93,1.04,0.67,1.93,1.19,0.19,0.71,38,38.12
1139.58,38,0.97,0.96,1.26,0.93,1.04,0.67,1.92,1.18,0.18,0.7,38,38.11
1140.58,38,0.95,0.95,1.25,0.93,1.03,0.67,1.91,1.18,0.18,0.7,38,38.12
1141.58,38,0.98,0.96,1.27,0.93,1.04,0.67,1.92,1.19,0.19,0.71,38,38.12
1142.6,38,0.97,0.96,1.25,0.92,1.04,0.67,1.9,1.18,0.18,0.7,38,38.12
1143.6,38,0.98,0.96,1.26,0.93,1.04,0.67,1.91,1.18,0.18,0.71,38,38.12
1144.6,38,0.98,0.95,1.25,0.92,1.04,0.67,1.9,1.19,0.17,0.7,38,38.12
1145.6,38,0.98,0.95,1.26,0.93,1.05,0.67,1.9,1.18,0.18,0.72,38,38.11
1146.6,38,0.98,0.96,1.26,0.94,1.04,0.67,1.9,1.18,0.18,0.71,38,38.12
1147.6,38,0.97,0.96,1.26,0.93,1.04,0.67,1.9,1.18,0.18,0.71,38,38.12
1148.6,38,0.98,0.96,1.26,0.93,1.04,0.67,1.89,1.18,0.18,0.71,38,38.12
1149.6,38,0.98,0.95,1.26,0.93,1.04,0.68,1.88,1.18,0.19,0.71,38,38.12
1150.6,38,0.93,0.95,1.25,0.92,1.04,0.67,1.87,1.18,0.17,0.7,38,38.12
1151.62,38,0.95,0.96,1.25,0.93,1.03,0.67,1.87,1.18,0.17,0.71,38,38.12
1152.62,38,0.97,0.95,1.25,0.92,1.03,0.66,1.87,1.18,0.18,0.7,38,38.11
1153.62,38,0.98,0.95,1.25,0.93,1.03,0.67,1.85,1.18,0.17,0.7,38,38.12
1154.62,38,0.97,0.95,1.26,0.93,1.03,0.67,1.86,1.18,0.18,0.71,38,38.12
1155.62,38,0.97,0.95,1.25,0.93,1.04,0.67,1.85,1.18,0.18,0.7,38,38.12
1156.62,38,0.98,0.95,1.27,0.93,1.05,0.67,1.84,1.19,0.18,0.71,38,38.11
1157.62,38,0.97,0.96,1.26,0.93,1.05,0.67,1.84,1.18,0.17,0.71,38,38.14
1158.62,38,0.97,0.95,1.25,0.92,1.03,0.67,1.83,1.17,0.17,0.71,38,38.14
1159.62,38,0.98,0.96,1.27,0.94,1.04,0.68,1.83,1.19,0.18,0.71,38,38.12
1160.63,38,0.96,0.96,1.26,0.93,1.04,0.68,1.83,1.19,0.18,0.71,38,38.14
1161.63,38,0.98,0.95,1.26,0.93,1.04,0.67,1.83,1.19,0.18,0.71,38,38.14
1162.63,38,0.97,0.96,1.26,0.93,1.04,0.67,1.82,1.18,0.19,0.71,38,38.14
1163.63,38,0.98,0.95,1.27,0.93,1.03,0.67,1.82,1.18,0.18,0.71,38,38.14
1164.65,38,0.98,0.96,1.26,0.94,1.04,0.67,1.81,1.18,0.19,0.71,38,38.12
1165.65,38,0.96,0.96,1.26,0.94,1.03,0.67,1.81,1.18,0.18,0.71,38,38.14
1166.65,38,0.98,0.96,1.27,0.93,1.04,0.68,1.81,1.19,0.18,0.71,38,38.14
1167.65,38,0.98,0.96,1.27,0.93,1.04,0.67,1.81,1.18,0.18,0.71,38,38.15
1168.67,38,0.98,0.96,1.27,0.93,1.05,0.67,1.81,1.19,0.18,0.71,38,38.15
1169.67,38,0.98,0.96,1.27,0.93,1.04,0.67,1.8,1.18,0.18,0.71,38,38.14
1170.67,38,0.97,0.96,1.26,0.94,1.04,0.67,1.8,1.18,0.18,0.71,38,38.15
1171.67,38,0.98,0.95,1.27,0.94,1.04,0.67,1.8,1.18,0.18,0.71,38,38.14
1172.67,38,0.96,0.95,1.26,0.93,1.04,0.67,1.8,1.18,0.17,0.71,38,38.15
1173.68,38,0.98,0.96,1.26,0.93,1.05,0.67,1.8,1.18,0.18,0.7,38,38.15
1174.68,38,0.98,0.96,1.27,0.94,1.05,0.68,1.8,1.18,0.18,0.71,38,38.15
1175.68,38,0.98,0.95,1.27,0.93,1.04,0.67,1.79,1.18,0.18,0.71,38,38.15
1176.68,38,0.97,0.96,1.26,0.93,1.04,0.67,1.79,1.18,0.18,0.7,38,38.15
1177.68,38,0.98,0.95,1.26,0.93,1.05,0.67,1.79,1.18,0.18,0.71,38,38.15
1178.7,38,0.96,0.96,1.27,0.93,1.03,0.67,1.79,1.18,0.18,0.7,38,38.15
1179.7,38,0.96,0.96,1.27,0.93,1.04,0.67,1.78,1.18,0.18,0.71,38,38.15
1180.72,38,0.96,0.96,1.26,0.93,1.03,0.67,1.77,1.18,0.19,0.7,38,38.16
1181.72,38,0.98,0.96,1.26,0.93,1.04,0.67,1.77,1.18,0.18,0.7,38,38.15
1182.73,38,0.98,0.96,1.26,0.93,1.04,0.67,1.78,1.18,0.18,0.71,38,38.15
1183.73,38,0.98,0.96,1.27,0.94,1.04,0.67,1.8,1.19,0.18,0.71,38,38.15
1184.73,38,0.98,0.96,1.27,0.93,1.04,0.67,1.81,1.19,0.19,0.71,38,38.16
1185.73,38,0.98,0.96,1.26,0.93,1.04,0.67,1.81,1.19,0.19,0.71,38,38.15
1186.75,38,0.98,0.95,1.27,0.93,1.04,0.68,1.82,1.18,0.19,0.71,38,38.15
1187.75,38,0.98,0.96,1.27,0.94,1.05,0.68,1.83,1.19,0.19,0.71,38,38.15
1188.75,38,0.98,0.96,1.27,0.93,1.05,0.68,1.82,1.19,0.19,0.71,38,38.14
1189.75,38,0.94,0.96,1.26,0.93,1.05,0.67,1.81,1.18,0.17,0.71,38,38.15
1190.75,38,0.98,0.96,1.27,0.93,1.04,0.68,1.82,1.19,0.18,0.71,38,38.14
1191.75,38,0.96,0.95,1.26,0.93,1.03,0.67,1.8,1.18,0.17,0.7,38,38.14
1192.77,38,0.97,0.95,1.25,0.93,1.03,0.67,1.78,1.18,0.17,0.69,38,38.12
1193.77,38,0.98,0.95,1.27,0.93,1.03,0.67,1.79,1.19,0.18,0.71,38,38.12
1194.77,38,0.98,0.96,1.27,0.93,1.04,0.68,1.79,1.19,0.18,0.71,38,38.12
1195.77,38,0.98,0.96,1.26,0.93,1.04,0.68,1.79,1.18,0.19,0.71,38,38.12
1196.77,38,0.97,0.95,1.26,0.93,1.03,0.67,1.77,1.18,0.17,0.71,38,38.12
1197.77,38,0.96,0.95,1.25,0.93,1.03,0.67,1.76,1.18,0.17,0.7,38,38.11
1198.78,38,0.98,0.95,1.26,0.93,1.04,0.67,1.76,1.18,0.17,0.7,38,38.12
1199.78,38,0.98,0.96,1.27,0.93,1.04,0.67,1.76,1.18,0.17,0.7,38,38.12
1200.78,38,0.98,0.96,1.25,0.92,1.03,0.67,1.74,1.18,0.17,0.71,38,38.12
1201.78,38,0.95,0.95,1.25,0.92,1.04,0.68,1.74,1.18,0.17,0.7,38,38.11
1202.78,38,0.96,0.96,1.25,0.93,1.04,0.67,1.74,1.18,0.18,0.71,38,38.12
1203.78,38,0.98,0.95,1.26,0.94,1.03,0.67,1.73,1.18,0.18,0.71,38,38.12
1204.8,38,0.96,0.95,1.26,0.93,1.03,0.67,1.73,1.18,0.18,0.71,38,38.11
1205.8,38,0.97,0.95,1.25,0.93,1.03,0.67,1.73,1.18,0.17,0.7,38,38.12
1206.8,38,0.97,0.96,1.26,0.92,1.03,0.67,1.71,1.18,0.17,0.7,38,38.11
1207.8,38,0.94,0.95,1.25,0.93,1.03,0.67,1.71,1.18,0.17,0.7,38,38.09
1208.82,38,0.96,0.95,1.26,0.93,1.03,0.67,1.71,1.18,0.17,0.7,38,38.09
1209.82,38,0.96,0.95,1.25,0.93,1.03,0.67,1.7,1.18,0.18,0.7,38,38.11
1210.82,38,0.97,0.95,1.25,0.93,1.03,0.67,1.7,1.18,0.17,0.71,38,38.11
1211.82,38,0.98,0.96,1.26,0.93,1.04,0.67,1.69,1.19,0.18,0.71,38,38.09
1212.83,38,0.97,0.96,1.25,0.93,1.03,0.67,1.68,1.17,0.17,0.7,38,38.11
1213.83,38,0.98,0.95,1.26,0.92,1.03,0.67,1.67,1.18,0.17,0.7,38,38.11
1214.83,38,0.97,0.95,1.26,0.93,1.03,0.67,1.66,1.18,0.17,0.7,38,38.12
1215.85,38,0.98,0.96,1.27,0.93,1.03,0.67,1.67,1.18,0.17,0.71,38,38.09
1216.85,38,0.95,0.96,1.25,0.93,1.04,0.66,1.66,1.18,0.17,0.71,38,38.12
1217.85,38,0.96,0.95,1.25,0.92,1.03,0.66,1.65,1.17,0.17,0.7,38,38.11
1218.85,38,0.98,0.95,1.26,0.93,1.03,0.67,1.66,1.18,0.17,0.71,38,38.11
1219.85,38,0.95,0.95,1.26,0.93,1.03,0.67,1.65,1.18,0.17,0.7,38,38.09
1220.87,38,0.97,0.95,1.25,0.93,1.03,0.67,1.65,1.18,0.17,0.7,38,38.11
1221.87,38,0.98,0.95,1.27,0.93,1.03,0.67,1.65,1.18,0.18,0.7,38,38.09
1222.87,38,0.98,0.96,1.27,0.93,1.03,0.67,1.65,1.19,0.18,0.71,38,38.11
1223.87,38,0.98,0.95,1.27,0.93,1.04,0.67,1.65,1.18,0.18,0.71,38,38.11
1224.87,38,0.98,0.96,1.27,0.93,1.04,0.67,1.65,1.18,0.18,0.7,38,38.11
1225.87,38,0.97,0.95,1.25,0.92,1.03,0.66,1.64,1.18,0.17,0.7,38,38.11
1226.87,38,0.96,0.95,1.25,0.93,1.03,0.67,1.65,1.18,0.17,0.71,38,38.12
1227.88,38,0.98,0.95,1.27,0.93,1.04,0.67,1.65,1.18,0.18,0.71,38,38.11
1228.88,38,0.98,0.96,1.26,0.93,1.03,0.67,1.65,1.18,0.18,0.7,38,38.11
1229.88,38,0.95,0.95,1.27,0.93,1.03,0.67,1.64,1.18,0.17,0.7,38,38.09
1230.88,38,0.96,0.95,1.26,0.93,1.04,0.67,1.65,1.18,0.17,0.71,38,38.12
1231.9,38,0.95,0.95,1.25,0.93,1.03,0.67,1.64,1.18,0.18,0.7,38,38.11
1232.9,38,0.97,0.96,1.26,0.93,1.03,0.67,1.63,1.19,0.17,0.7,38,38.11
1233.9,38,0.98,0.96,1.27,0.93,1.03,0.67,1.64,1.18,0.18,0.71,38,38.11
1234.9,38,0.97,0.96,1.26,0.93,1.04,0.67,1.63,1.18,0.17,0.71,38,38.12
1235.9,38,0.97,0.95,1.25,0.93,1.02,0.66,1.61,1.18,0.17,0.7,38,38.12
1236.9,38,0.94,0.95,1.25,0.92,1.03,0.66,1.61,1.18,0.17,0.69,38,38.11
1237.9,38,0.98,0.95,1.25,0.93,1.04,0.67,1.61,1.18,0.18,0.7,38,38.11
1238.9,38,0.98,0.96,1.26,0.93,1.04,0.67,1.61,1.18,0.18,0.71,38,38.12
1239.9,38,0.98,0.96,1.27,0.93,1.03,0.67,1.62,1.18,0.17,0.7,38,38.12
1240.9,38,0.97,0.96,1.26,0.93,1.03,0.67,1.61,1.18,0.17,0.7,38,38.12
1241.92,38,0.98,0.96,1.26,0.93,1.03,0.67,1.61,1.18,0.18,0.71,38,38.12
1242.92,38,0.98,0.95,1.26,0.93,1.03,0.67,1.59,1.18,0.18,0.71,38,38.12
1243.92,38,0.98,0.95,1.26,0.93,1.03,0.67,1.59,1.18,0.17,0.7,38,38.12
1244.92,38,0.98,0.95,1.26,0.93,1.03,0.67,1.59,1.18,0.17,0.7,38,38.12
1245.92,38,0.97,0.95,1.26,0.93,1.03,0.67,1.59,1.18,0.18,0.7,38,38.12
1246.92,38,0.98,0.96,1.27,0.93,1.03,0.67,1.59,1.18,0.18,0.71,38,38.12
1247.92,38,0.98,0.96,1.27,0.93,1.03,0.67,1.59,1.18,0.18,0.71,38,38.12
1248.92,38,0.97,0.95,1.25,0.93,1.03,0.67,1.57,1.18,0.17,0.7,38,38.12
1249.92,38,0.98,0.95,1.25,0.93,1.03,0.67,1.59,1.18,0.18,0.71,38,38.12
1250.93,38,0.98,0.95,1.26,0.92,1.03,0.67,1.57,1.18,0.18,0.7,38,38.12
1251.93,38,0.95,0.95,1.26,0.92,1.03,0.67,1.58,1.18,0.17,0.71,38,38.12
1252.93,38,0.98,0.96,1.25,0.93,1.03,0.67,1.57,1.18,0.18,0.7,38,38.12
1253.93,38,0.98,0.95,1.26,0.93,1.03,0.67,1.58,1.18,0.17,0.7,38,38.12
1254.93,38,0.98,0.96,1.26,0.93,1.03,0.67,1.58,1.18,0.18,0.71,38,38.14
1255.93,38,0.98,0.96,1.27,0.93,1.04,0.67,1.57,1.18,0.18,0.71,38,38.14
1256.93,38,0.96,0.96,1.25,0.93,1.03,0.67,1.58,1.18,0.17,0.7,38,38.15
1257.93,38,0.98,0.96,1.26,0.93,1.03,0.67,1.57,1.18,0.17,0.71,38,38.15
1258.95,38,0.95,0.96,1.26,0.93,1.03,0.67,1.57,1.18,0.17,0.7,38,38.12
1259.95,38,0.98,0.96,1.26,0.93,1.04,0.67,1.57,1.19,0.17,0.71,38,38.14
1260.95,38,0.98,0.96,1.27,0.93,1.03,0.67,1.57,1.18,0.18,0.7,38,38.14
1261.95,38,0.96,0.96,1.25,0.93,1.03,0.67,1.56,1.18,0.17,0.7,38,38.15
1262.95,38,0.98,0.96,1.27,0.93,1.04,0.67,1.57,1.19,0.19,0.71,38,38.15
1263.97,38,0.98,0.95,1.25,0.92,1.03,0.67,1.55,1.18,0.17,0.7,38,38.15
1264.97,38,0.98,0.96,1.27,0.93,1.04,0.67,1.56,1.18,0.19,0.71,38,38.16
1265.97,38,0.98,0.96,1.26,0.93,1.03,0.67,1.55,1.18,0.17,0.71,38,38.15
1266.97,38,0.97,0.95,1.27,0.93,1.04,0.67,1.55,1.18,0.18,0.7,38,38.15
1267.97,38,0.97,0.97,1.27,0.94,1.05,0.69,1.56,1.19,0.19,0.72,38,38.15
1268.97,38,0.98,0.95,1.26,0.93,1.03,0.67,1.57,1.19,0.18,0.7,38,38.15
1269.97,38,0.98,0.96,1.27,0.93,1.03,0.67,1.57,1.19,0.19,0.71,38,38.15
1270.98,38,0.95,0.95,1.26,0.93,1.03,0.68,1.57,1.18,0.18,0.71,38,38.15
1271.98,38,0.99,0.96,1.27,0.93,1.04,0.68,1.59,1.19,0.19,0.71,38,38.15
1272.98,38,0.97,0.96,1.25,0.93,1.03,0.67,1.58,1.18,0.17,0.7,38,38.15
1273.98,38,0.98,0.96,1.27,0.93,1.04,0.67,1.58,1.18,0.18,0.71,38,38.15
1274.98,38,0.95,0.96,1.26,0.93,1.03,0.67,1.57,1.18,0.18,0.71,38,38.15
1275.98,38,0.97,0.95,1.26,0.93,1.03,0.67,1.57,1.18,0.18,0.71,38,38.15
1276.98,38,0.98,0.95,1.26,0.92,1.03,0.67,1.56,1.18,0.17,0.7,38,38.15
1277.98,38,0.98,0.95,1.25,0.93,1.03,0.67,1.57,1.18,0.18,0.7,38,38.15
1278.98,38,0.98,0.96,1.26,0.93,1.03,0.67,1.56,1.2,0.18,0.71,38,38.15
1279.98,38,0.95,0.96,1.25,0.93,1.03,0.67,1.56,1.18,0.18,0.7,38,38.15
1281,38,0.98,0.96,1.26,0.93,1.04,0.69,1.56,1.19,0.18,0.71,38,38.14
1282,38,0.98,0.96,1.27,0.93,1.03,0.67,1.55,1.18,0.18,0.71,38,38.15
1283,38,0.98,0.96,1.27,0.94,1.04,0.67,1.55,1.18,0.18,0.71,38,38.15
1284,38,0.98,0.96,1.27,0.93,1.04,0.67,1.55,1.18,0.19,0.71,38,38.14
1285,38,0.98,0.95,1.26,0.93,1.03,0.67,1.53,1.18,0.17,0.7,38,38.15
1286,38,0.98,0.96,1.27,0.93,1.04,0.67,1.54,1.19,0.18,0.71,38,38.14
1287.02,38,0.98,0.95,1.26,0.93,1.03,0.67,1.53,1.18,0.17,0.71,38,38.14
1288.02,38,0.98,0.96,1.27,0.93,1.04,0.67,1.53,1.18,0.17,0.71,38,38.14
1289.02,38,0.98,0.96,1.26,0.93,1.03,0.67,1.53,1.18,0.17,0.7,38,38.15
1290.02,38,0.95,0.96,1.27,0.93,1.04,0.68,1.53,1.19,0.19,0.71,38,38.14
1291.02,38,0.98,0.96,1.26,0.93,1.03,0.67,1.52,1.18,0.17,0.71,38,38.15
1292.02,38,0.98,0.96,1.26,0.93,1.04,0.67,1.52,1.19,0.18,0.71,38,38.15
1293.02,38,0.98,0.96,1.27,0.93,1.04,0.67,1.52,1.18,0.18,0.71,38,38.12
1294.02,38,0.98,0.96,1.27,0.94,1.04,0.67,1.52,1.18,0.18,0.71,38,38.14
1295.03,38,0.95,0.95,1.26,0.93,1.03,0.67,1.51,1.18,0.17,0.71,38,38.15
1296.03,38,0.98,0.95,1.27,0.93,1.03,0.67,1.51,1.18,0.17,0.71,38,38.14
1297.03,38,0.96,0.96,1.25,0.93,1.04,0.67,1.5,1.18,0.17,0.71,38,38.14
1298.03,38,0.98,0.95,1.26,0.93,1.03,0.67,1.5,1.18,0.17,0.71,38,38.12
1299.03,38,0.96,0.95,1.26,0.93,1.03,0.67,1.5,1.18,0.17,0.71,38,38.14
1300.03,38,0.98,0.96,1.26,0.94,1.03,0.67,1.5,1.18,0.18,0.71,38,38.12
1301.03,38,0.98,0.96,1.27,0.93,1.03,0.68,1.5,1.18,0.18,0.71,38,38.12
1302.03,38,0.98,0.96,1.26,0.94,1.03,0.67,1.49,1.18,0.18,0.71,38,38.14
1303.03,38,0.97,0.95,1.26,0.92,1.03,0.67,1.48,1.18,0.17,0.71,38,38.14
1304.03,38,0.96,0.97,1.27,0.94,1.04,0.69,1.49,1.2,0.18,0.71,38,38.12
1305.05,38,0.98,0.96,1.26,0.93,1.03,0.67,1.47,1.18,0.17,0.71,38,38.14
1306.05,38,0.96,0.96,1.26,0.92,1.04,0.67,1.47,1.18,0.17,0.71,38,38.12
1307.05,38,0.97,0.95,1.25,0.93,1.03,0.67,1.48,1.18,0.17,0.7,38,38.14
1308.05,38,0.98,0.96,1.26,0.93,1.03,0.67,1.47,1.18,0.17,0.71,38,38.14
1309.05,38,0.98,0.96,1.26,0.94,1.04,0.68,1.47,1.2,0.18,0.71,38,38.14
1310.05,38,0.98,0.96,1.27,0.93,1.03,0.68,1.47,1.19,0.17,0.71,38,38.12
1311.07,38,0.97,0.95,1.26,0.93,1.03,0.66,1.46,1.18,0.17,0.7,38,38.12
1312.07,38,0.98,0.96,1.27,0.93,1.03,0.67,1.46,1.18,0.18,0.71,38,38.14
1313.07,38,0.97,0.95,1.26,0.93,1.03,0.67,1.46,1.18,0.17,0.7,38,38.12
1314.08,38,0.98,0.96,1.27,0.93,1.03,0.67,1.46,1.19,0.17,0.7,38,38.14
1315.08,38,0.98,0.96,1.27,0.93,1.04,0.68,1.46,1.19,0.18,0.71,38,38.12
1316.08,38,0.98,0.96,1.27,0.93,1.04,0.67,1.46,1.19,0.18,0.71,38,38.12
1317.08,38,0.98,0.96,1.26,0.93,1.03,0.67,1.46,1.18,0.17,0.71,38,38.12
1318.08,38,0.97,0.95,1.26,0.92,1.03,0.67,1.45,1.18,0.17,0.7,38,38.12
1319.08,38,0.98,0.96,1.26,0.93,1.03,0.67,1.45,1.18,0.17,0.71,38,38.12
1320.08,38,0.95,0.96,1.27,0.93,1.03,0.67,1.46,1.19,0.18,0.7,38,38.12
1321.08,38,0.98,0.95,1.26,0.93,1.03,0.67,1.46,1.18,0.17,0.7,38,38.14
1322.08,38,0.98,0.96,1.26,0.94,1.04,0.67,1.44,1.18,0.17,0.7,38,38.12
1323.08,38,0.98,0.96,1.25,0.93,1.03,0.67,1.45,1.18,0.17,0.71,38,38.12
1324.1,38,0.98,0.96,1.25,0.93,1.03,0.67,1.44,1.18,0.17,0.71,38,38.12
1325.1,38,0.98,0.95,1.26,0.93,1.03,0.67,1.44,1.18,0.17,0.71,38,38.12
1326.1,38,0.96,0.95,1.25,0.93,1.03,0.67,1.43,1.17,0.17,0.69,38,38.12
1327.1,38,0.98,0.95,1.26,0.93,1.03,0.67,1.44,1.18,0.18,0.71,38,38.12
1328.12,38,0.95,0.95,1.25,0.93,1.03,0.67,1.43,1.18,0.17,0.7,38,38.11
1329.12,38,0.97,0.96,1.26,0.93,1.03,0.67,1.43,1.18,0.17,0.71,38,38.12
1330.12,38,0.98,0.96,1.27,0.93,1.03,0.67,1.43,1.19,0.18,0.71,38,38.12
1331.12,38,0.98,0.96,1.26,0.93,1.03,0.67,1.43,1.18,0.17,0.71,38,38.11
1332.12,38,0.94,0.95,1.25,0.93,1.03,0.66,1.42,1.18,0.17,0.71,38,38.12
1333.13,38,0.98,0.95,1.26,0.93,1.03,0.67,1.42,1.18,0.18,0.7,38,38.11
1334.13,38,0.97,0.95,1.25,0.92,1.03,0.67,1.41,1.18,0.17,0.69,38,38.11
1335.13,38,0.98,0.95,1.25,0.93,1.03,0.67,1.41,1.18,0.17,0.71,38,38.12
1336.13,38,0.97,0.95,1.25,0.92,1.03,0.67,1.4,1.18,0.17,0.69,38,38.11
1337.15,38,0.97,0.95,1.26,0.93,1.03,0.67,1.41,1.18,0.17,0.7,38,38.12
1338.15,38,0.98,0.96,1.27,0.93,1.03,0.67,1.4,1.19,0.18,0.71,38,38.12
1339.15,38,0.98,0.95,1.26,0.93,1.03,0.67,1.4,1.18,0.17,0.71,38,38.12
1340.15,38,0.98,0.96,1.26,0.93,1.03,0.67,1.4,1.18,0.18,0.71,38,38.11
1341.15,38,0.98,0.96,1.27,0.93,1.03,0.67,1.39,1.18,0.17,0.7,38,38.11
1342.17,38,0.98,0.96,1.26,0.93,1.03,0.67,1.4,1.19,0.17,0.7,38,38.12
1343.17,38,0.97,0.95,1.25,0.92,1.02,0.67,1.38,1.17,0.17,0.7,38,38.11
1344.17,38,0.97,0.95,1.25,0.92,1.03,0.67,1.39,1.18,0.17,0.7,38,38.11
1345.17,38,0.95,0.96,1.26,0.93,1.03,0.67,1.38,1.18,0.17,0.7,38,38.12
1346.17,38,0.97,0.95,1.25,0.92,1.03,0.67,1.38,1.18,0.17,0.69,38,38.12
1347.18,38,0.97,0.95,1.25,0.92,1.02,0.66,1.38,1.17,0.17,0.7,38,38.11
1348.18,38,0.95,0.95,1.26,0.92,1.03,0.67,1.38,1.18,0.17,0.7,38,38.11
1349.18,38,0.97,0.95,1.25,0.92,1.02,0.67,1.37,1.18,0.17,0.69,38,38.11
1350.18,38,0.98,0.96,1.26,0.93,1.02,0.67,1.38,1.18,0.17,0.71,38,38.12
1351.18,38,0.97,0.96,1.25,0.93,1.02,0.67,1.38,1.17,0.17,0.7,38,38.12
1352.18,38,0.98,0.96,1.27,0.93,1.04,0.67,1.38,1.18,0.17,0.71,38,38.11
1353.2,38,0.98,0.96,1.26,0.93,1.03,0.67,1.38,1.18,0.17,0.7,38,38.11
1354.2,38,0.98,0.95,1.26,0.93,1.02,0.67,1.36,1.18,0.17,0.7,38,38.12
1355.2,38,0.96,0.95,1.26,0.93,1.03,0.67,1.37,1.18,0.17,0.69,38,38.12
1356.2,38,0.95,0.95,1.26,0.93,1.03,0.67,1.38,1.18,0.18,0.71,38,38.11
1357.2,38,0.98,0.96,1.27,0.93,1.03,0.67,1.37,1.18,0.17,0.71,38,38.09
1358.2,38,0.96,0.96,1.26,0.93,1.03,0.67,1.36,1.18,0.17,0.7,38,38.12
1359.2,38,0.95,0.95,1.26,0.93,1.03,0.67,1.36,1.18,0.18,0.7,38,38.11
1360.2,38,0.97,0.95,1.25,0.93,1.02,0.67,1.36,1.18,0.17,0.69,38,38.11
1361.2,38,0.98,0.96,1.26,0.93,1.04,0.67,1.37,1.18,0.17,0.7,38,38.11
1362.2,38,0.98,0.96,1.25,0.93,1.03,0.67,1.36,1.18,0.17,0.7,38,38.12
1363.22,38,0.95,0.95,1.25,0.91,1.02,0.66,1.34,1.17,0.17,0.7,38,38.11
1364.22,38,0.97,0.95,1.25,0.93,1.03,0.67,1.36,1.18,0.17,0.7,38,38.11
1365.22,38,0.98,0.95,1.26,0.92,1.03,0.67,1.36,1.18,0.17,0.7,38,38.09
1366.23,38,0.97,0.95,1.25,0.92,1.03,0.66,1.34,1.17,0.17,0.69,38,38.12
1367.23,38,0.97,0.95,1.25,0.92,1.03,0.67,1.34,1.18,0.17,0.7,38,38.11
1368.23,38,0.97,0.95,1.25,0.93,1.02,0.67,1.34,1.17,0.17,0.7,38,38.11
1369.23,38,0.97,0.96,1.26,0.93,1.03,0.67,1.34,1.18,0.17,0.71,38,38.12
1370.25,38,0.95,0.96,1.26,0.93,1.03,0.68,1.34,1.18,0.17,0.71,38,38.11
1371.25,38,0.98,0.95,1.26,0.93,1.03,0.67,1.33,1.18,0.17,0.71,38,38.12
1372.25,38,0.98,0.96,1.26,0.93,1.03,0.67,1.33,1.18,0.17,0.7,38,38.14
1373.27,38,0.98,0.95,1.25,0.93,1.03,0.67,1.33,1.18,0.17,0.7,38,38.12
1374.27,38,0.98,0.96,1.25,0.93,1.02,0.66,1.32,1.18,0.17,0.7,38,38.12
1375.27,38,0.96,0.96,1.25,0.93,1.03,0.67,1.32,1.18,0.17,0.7,38,38.12
1376.27,38,0.98,0.96,1.26,0.93,1.03,0.67,1.33,1.18,0.17,0.71,38,38.12
1377.27,38,0.97,0.95,1.25,0.93,1.02,0.67,1.31,1.18,0.17,0.7,38,38.12
1378.27,38,0.98,0.95,1.25,0.93,1.02,0.67,1.31,1.18,0.17,0.69,38,38.12
1379.27,38,0.98,0.95,1.27,0.93,1.03,0.67,1.33,1.18,0.17,0.71,38,38.12
1380.28,38,0.95,0.95,1.25,0.93,1.03,0.67,1.32,1.18,0.17,0.7,38,38.14
1381.28,38,0.98,0.95,1.26,0.94,1.03,0.67,1.31,1.18,0.18,0.71,38,38.14
1382.28,38,0.98,0.95,1.27,0.93,1.03,0.67,1.31,1.18,0.17,0.71,38,38.14
1383.28,38,0.98,0.96,1.25,0.93,1.03,0.67,1.31,1.18,0.17,0.71,38,38.15
1384.28,38,0.98,0.95,1.26,0.93,1.03,0.67,1.32,1.19,0.17,0.71,38,38.15
1385.3,38,0.98,0.96,1.26,0.93,1.03,0.67,1.32,1.18,0.17,0.71,38,38.14
1386.3,38,0.98,0.96,1.26,0.93,1.03,0.67,1.32,1.18,0.17,0.7,38,38.15
1387.3,38,0.96,0.95,1.25,0.93,1.02,0.67,1.32,1.18,0.17,0.7,38,38.15
1388.32,38,0.96,0.96,1.26,0.93,1.03,0.67,1.33,1.18,0.17,0.71,38,38.14
1389.32,38,0.98,0.96,1.26,0.93,1.03,0.67,1.33,1.18,0.17,0.71,38,38.15
1390.32,38,0.96,0.96,1.27,0.94,1.03,0.69,1.34,1.19,0.18,0.71,38,38.14
1391.32,38,0.98,0.96,1.26,0.93,1.03,0.67,1.34,1.18,0.18,0.71,38,38.14
1392.32,38,0.96,0.95,1.25,0.93,1.03,0.67,1.34,1.18,0.17,0.7,38,38.14
1393.33,38,0.98,0.96,1.27,0.93,1.03,0.68,1.34,1.18,0.18,0.71,38,38.14
1394.33,38,0.98,0.95,1.27,0.93,1.03,0.67,1.33,1.19,0.18,0.71,38,38.14
1395.33,38,0.98,0.96,1.26,0.93,1.02,0.67,1.33,1.18,0.17,0.7,38,38.14
1396.33,38,0.97,0.96,1.26,0.93,1.03,0.67,1.33,1.18,0.18,0.71,38,38.14
1397.35,38,0.95,0.95,1.25,0.93,1.03,0.67,1.33,1.18,0.18,0.7,38,38.15
1398.35,38,0.98,0.95,1.25,0.93,1.03,0.67,1.33,1.18,0.18,0.71,38,38.15
1399.37,38,0.98,0.95,1.26,0.93,1.03,0.67,1.32,1.18,0.17,0.71,38,38.14
1400.37,38,0.98,0.96,1.26,0.93,1.03,0.68,1.32,1.18,0.18,0.71,38,38.15
1401.37,38,0.98,0.96,1.27,0.94,1.03,0.68,1.31,1.18,0.17,0.71,38,38.15
1402.37,38,0.96,0.96,1.26,0.94,1.03,0.67,1.31,1.18,0.17,0.71,38,38.14
1403.37,38,0.98,0.96,1.27,0.93,1.03,0.67,1.32,1.19,0.18,0.71,38,38.15
1404.37,38,0.98,0.96,1.26,0.93,1.03,0.67,1.31,1.18,0.17,0.7,38,38.14
