Group,T,CUE,lo,hi
Clade1,22,0.21436112180185685,0.1736109293510992,0.26223926949883647
Clade1,22.18487394957983,0.2153199117523222,0.1745567016943397,0.2631727028259912
Clade1,22.369747899159663,0.21626508979812398,0.1755201600707689,0.26426507394023463
Clade1,22.554621848739497,0.217192412217094,0.1764090563668491,0.2652970206763927
Clade1,22.73949579831933,0.21807946281403742,0.17731885579194753,0.26625167915043446
Clade1,22.92436974789916,0.21900602056068497,0.17806907791206614,0.26737265545735917
Clade1,23.10924369747899,0.219919674107537,0.1789385378101006,0.2683265350598017
Clade1,23.294117647058822,0.22087951476939544,0.17975035361175182,0.2693608678867245
Clade1,23.478991596638657,0.22180726215321483,0.18060641486278112,0.27032226359341605
Clade1,23.66386554621849,0.22268156705727873,0.18135238355621808,0.27121766717639817
Clade1,23.84873949579832,0.22357103165946465,0.18220619423366552,0.2720396015602663
Clade1,24.03361344537815,0.22445616452083894,0.18324137834656637,0.27281984450032926
Clade1,24.218487394957982,0.22534660655976743,0.18395228796669974,0.2736677940692205
Clade1,24.403361344537814,0.2262008396194446,0.18485852802840397,0.274691692684497
Clade1,24.58823529411765,0.22704034767518935,0.1856664669096649,0.27580738052848447
Clade1,24.77310924369748,0.2278940358964911,0.1864410889179234,0.2768468130898648
Clade1,24.95798319327731,0.22867696740798038,0.18707916512712136,0.2777758594229345
Clade1,25.142857142857142,0.22949188551097827,0.18766392121814593,0.2786526056249867
Clade1,25.327731092436974,0.23032647824741043,0.1882388967696739,0.27958051863859196
Clade1,25.51260504201681,0.23112367707147086,0.18907778566554,0.2804394343053488
Clade1,25.69747899159664,0.2319253114231436,0.18976087367993985,0.2813038297881148
Clade1,25.88235294117647,0.23262234452540262,0.1904783474996185,0.2821365951666985
Clade1,26.067226890756302,0.2333461489478958,0.19108544631087368,0.2828885124581872
Clade1,26.252100840336134,0.23403377413324802,0.19164826578036598,0.2835631162431925
Clade1,26.436974789915965,0.23473246571158232,0.1922307217085727,0.28423918215742705
Clade1,26.6218487394958,0.2353460348574174,0.19292232191994338,0.28507755924322303
Clade1,26.80672268907563,0.23598062420859228,0.19326395030630816,0.28582896644785344
Clade1,26.991596638655462,0.23660715445380412,0.1937922834390907,0.28673138390152453
Clade1,27.176470588235293,0.23718331597036935,0.1942406139683875,0.2873797639186477
Clade1,27.36134453781513,0.23776011373205297,0.19468880549037348,0.28789388985164543
Clade1,27.54621848739496,0.238286806613636,0.19497127215928162,0.28862341351010884
Clade1,27.73109243697479,0.23876402483146839,0.19531657331954888,0.28916897758907756
Clade1,27.915966386554622,0.23922117105407414,0.19549119185499747,0.28966547006787347
Clade1,28.100840336134453,0.23961142060912455,0.19581307386991278,0.2900610152642087
Clade1,28.285714285714285,0.23999282450189202,0.196073106634727,0.2907053559257762
Clade1,28.470588235294116,0.24033522681777975,0.1964465153537509,0.290966814604941
Clade1,28.65546218487395,0.24061384572706396,0.19665843298352875,0.29135618906005123
Clade1,28.840336134453782,0.240837430082328,0.19683633186736377,0.29155370799429725
Clade1,29.025210084033613,0.24102813276729118,0.1970278513625776,0.29200065339779513
Clade1,29.210084033613445,0.24118872210739659,0.19704654258890883,0.29230723915270423
Clade1,29.39495798319328,0.24130930413237847,0.19711312674531958,0.2923544631959086
Clade1,29.57983193277311,0.24138155954335178,0.1971813540300334,0.2922808185350035
Clade1,29.764705882352942,0.24136968658760727,0.19709742737467925,0.29212945575406346
Clade1,29.949579831932773,0.2413181996263325,0.1969916004233042,0.2922500493593338
Clade1,30.134453781512605,0.24115150394476226,0.1968009729638007,0.29223559540157296
Clade1,30.319327731092436,0.24095442570968642,0.19650192743688044,0.2921361453123698
Clade1,30.504201680672267,0.24072525993464217,0.19620090935360598,0.2920732206874241
Clade1,30.689075630252102,0.2403279657979489,0.1957966439002189,0.29184461692956704
Clade1,30.873949579831933,0.23995572535098958,0.19541095100378372,0.2915521849810737
Clade1,31.058823529411764,0.2394691849559058,0.1949613466516565,0.29118184526747004
Clade1,31.2436974789916,0.23895015816082582,0.19444889225618317,0.29061282758328727
Clade1,31.42857142857143,0.23832524046535872,0.19386693144726821,0.2900017699526608
Clade1,31.613445378151262,0.23767770659864978,0.19318786557134673,0.2892920436672662
Clade1,31.798319327731093,0.23693431100854506,0.19241449976248182,0.28842984781878955
Clade1,31.983193277310924,0.23607910141052654,0.1916746059619979,0.28759291085072847
Clade1,32.168067226890756,0.23511296666016085,0.19087513799303912,0.28665102979633217
Clade1,32.35294117647059,0.23413789535548235,0.1898997997018869,0.2855408392061242
Clade1,32.53781512605042,0.2330553927235462,0.18892604034800448,0.28448010145871133
Clade1,32.72268907563026,0.23183961358120078,0.18784722814477334,0.2833298058666745
Clade1,32.90756302521008,0.23059101887891012,0.18669702563829443,0.28203580539413414
Clade1,33.09243697478992,0.22926234251078015,0.1854392797933957,0.28064386156233456
Clade1,33.27731092436975,0.22786477161795154,0.1841280327082037,0.27922461084839045
Clade1,33.46218487394958,0.22628431672372967,0.1827361045968667,0.27766388344786347
Clade1,33.64705882352941,0.22466406228719724,0.18122848891909782,0.275926549375151
Clade1,33.831932773109244,0.22295327573956927,0.17965343128289962,0.27406991997018454
Clade1,34.016806722689076,0.22118689593723423,0.17797710543246745,0.2720887347022852
Clade1,34.20168067226891,0.2193273417524866,0.17627679382632203,0.2700539123039114
Clade1,34.38655462184874,0.21740198354874346,0.1745241331444437,0.26801898483494313
Clade1,34.57142857142857,0.21534406180459667,0.17263261078116066,0.26579658149647334
Clade1,34.75630252100841,0.21316256383236912,0.17069855837831333,0.26338383513178143
Clade1,34.94117647058823,0.21090742385084432,0.1686621990901596,0.26097801588823133
Clade1,35.12605042016807,0.20863503888791426,0.16658092307541647,0.25845723997017345
Clade1,35.3109243697479,0.2061906593753557,0.1643501092091016,0.2559126948131116
Clade1,35.49579831932773,0.20369436231927385,0.162105647930456,0.25332433644178853
Clade1,35.680672268907564,0.20118175131901994,0.15978485653392574,0.25040687113555987
Clade1,35.865546218487395,0.19850314817683484,0.15740335269984163,0.24754705058819393
Clade1,36.05042016806723,0.1958030001670585,0.15503283739597298,0.2445184954354812
Clade1,36.23529411764706,0.19296983746294377,0.15260716164272162,0.2414982279060396
Clade1,36.42016806722689,0.19005052744103046,0.15000490198603397,0.2384317784363783
Clade1,36.60504201680672,0.1870649084843209,0.147464086099286,0.23511100840590232
Clade1,36.78991596638656,0.1840316413350167,0.14481735633280318,0.23176003526103053
Clade1,36.97478991596638,0.1809157844074495,0.1421637701238674,0.22820792843384102
Clade1,37.15966386554622,0.17777010297864657,0.13940038655057935,0.22469937332431927
Clade1,37.34453781512605,0.17458587112368068,0.13663424851150782,0.22085340377044096
Clade1,37.529411764705884,0.17130366234391098,0.13387753244959355,0.2172703818477359
Clade1,37.714285714285715,0.1679799991914499,0.13092856420170226,0.21350730185238642
Clade1,37.89915966386555,0.16466752240217203,0.1279944666073537,0.20973063503306827
Clade1,38.08403361344538,0.16126577449170643,0.1252036307883515,0.20594587641589102
Clade1,38.26890756302521,0.1579093831810477,0.12228148256997469,0.201990988488789
Clade1,38.45378151260505,0.15449647319195908,0.11942124078139243,0.19793857991497443
Clade1,38.63865546218487,0.15105898232821363,0.11644615358346928,0.1937069078865606
Clade1,38.82352941176471,0.14757135107440283,0.11354977476134705,0.18964821136278004
Clade1,39.008403361344534,0.14407008444636227,0.11072279275518811,0.18542605126947823
Clade1,39.19327731092437,0.1405894644090528,0.10788488405853096,0.18132742613757644
Clade1,39.378151260504204,0.1370979384476128,0.10493353264132894,0.17729480652361015
Clade1,39.563025210084035,0.13364499682490666,0.10204398476454306,0.17311360976532683
Clade1,39.747899159663866,0.1301844277111774,0.09919903922286973,0.16905010391617895
Clade1,39.9327731092437,0.12671277907969059,0.09632271931793454,0.1649925515938376
Clade1,40.11764705882353,0.12331373824224445,0.09353536436392716,0.16097493929846257
Clade1,40.30252100840336,0.11993673800274451,0.09070159206805835,0.1570733608008336
Clade1,40.4873949579832,0.11657285679696396,0.08795368565702187,0.15302750044762964
Clade1,40.67226890756302,0.11322641709648679,0.085245619537938,0.1490522535522943
Clade1,40.85714285714286,0.1099529097325431,0.08256087130110232,0.14507328681984846
Clade1,41.042016806722685,0.10669224327007895,0.07997108374260882,0.14124720879875963
Clade1,41.226890756302524,0.10346549736266263,0.07749965040820027,0.13745452659023275
Clade1,41.411764705882355,0.10028095155171546,0.07491138245899474,0.13356964624911452
Clade1,41.596638655462186,0.09719378988648367,0.07241818202490716,0.12969356098082388
Clade1,41.78151260504202,0.09411681043170751,0.06997617630927007,0.1258039035251917
Clade1,41.96638655462185,0.09107359740487547,0.06760831267951603,0.1220974909785333
Clade1,42.15126050420168,0.08815005068050322,0.06526867799201383,0.11849866726351296
Clade1,42.33613445378151,0.08529646528252124,0.06304397447784785,0.11492982726802652
Clade1,42.52100840336135,0.08244501289709837,0.060776766448966166,0.11155841390080819
Clade1,42.705882352941174,0.07967142733258505,0.05858909196495932,0.10807407619425592
Clade1,42.89075630252101,0.07696471455990142,0.05645080285711832,0.10473576457771981
Clade1,43.07563025210084,0.07432684805273145,0.054346388146092835,0.10145474210611224
Clade1,43.260504201680675,0.07175541294313618,0.05223898411376009,0.09822841590410503
Clade1,43.445378151260506,0.06922988585404632,0.05029765034027755,0.09507066133436512
Clade1,43.63025210084034,0.0667696662126662,0.048375148093034864,0.09195525066080988
Clade1,43.81512605042017,0.06438672951979885,0.046547475984616844,0.08891161198529618
Clade1,44,0.06208408234401225,0.04472476618540991,0.08588130796620581
Clade2,22,0.1191320101267754,0.09394581152811865,0.14960050055118776
Clade2,22.18487394957983,0.12062260276730344,0.09521023383060136,0.15137242518793104
Clade2,22.369747899159663,0.12216458575207911,0.09651196002122435,0.15308685068345065
Clade2,22.554621848739497,0.12370509775066191,0.09791261729280722,0.1549799381610569
Clade2,22.73949579831933,0.12526774500218602,0.09922583525257661,0.15667624372321998
Clade2,22.92436974789916,0.1268432359508194,0.10044364863266089,0.15837832946156394
Clade2,23.10924369747899,0.12842939013569005,0.10169246197412304,0.16019487477560537
Clade2,23.294117647058822,0.13003100050139577,0.10299014334880585,0.16193076790106425
Clade2,23.478991596638657,0.1316184062066978,0.10441527039176637,0.16378655990537283
Clade2,23.66386554621849,0.13319481637378092,0.10581661012489561,0.16568411853513698
Clade2,23.84873949579832,0.13481155614418697,0.1070906046172047,0.1676863775064144
Clade2,24.03361344537815,0.13642113333421346,0.10847059678083866,0.1695740195993001
Clade2,24.218487394957982,0.1380470136663764,0.10977960044044423,0.1714372751543097
Clade2,24.403361344537814,0.13965691321406465,0.11109110662127897,0.1734408788235908
Clade2,24.58823529411765,0.1413017853558679,0.11242920169833984,0.17536673127699684
Clade2,24.77310924369748,0.1429647505857142,0.11369434506728003,0.17744243128839074
Clade2,24.95798319327731,0.14462513201124083,0.11501690466668395,0.17930402794471645
Clade2,25.142857142857142,0.1462640168902107,0.11645059009355645,0.1813019908261735
Clade2,25.327731092436974,0.14789233254402256,0.1178029408572249,0.18335496179622113
Clade2,25.51260504201681,0.14957014928595208,0.11913876186007505,0.18527724784766705
Clade2,25.69747899159664,0.15122962902396925,0.12053973943868952,0.18727502725407663
Clade2,25.88235294117647,0.15288743793911214,0.12190997231149256,0.18916292763559325
Clade2,26.067226890756302,0.15453764520276786,0.12318772261685816,0.19103237170311216
Clade2,26.252100840336134,0.1562144808925855,0.12455781442161258,0.19300542764193876
Clade2,26.436974789915965,0.15791792487329387,0.1258147841345455,0.19504915951837046
Clade2,26.6218487394958,0.15957194480452594,0.12711505244357585,0.19705441165071474
Clade2,26.80672268907563,0.1611948290210145,0.12841670717281684,0.19893832418841906
Clade2,26.991596638655462,0.16288178487638022,0.12976606170357197,0.20093735045620534
Clade2,27.176470588235293,0.1645114945891315,0.13105634515135847,0.20289678878617623
Clade2,27.36134453781513,0.1661472257523967,0.13232645764895487,0.2049146045583575
Clade2,27.54621848739496,0.16778261647811507,0.133511616112771,0.20689332152467704
Clade2,27.73109243697479,0.1693714040144537,0.13472598568494062,0.2088421800937829
Clade2,27.915966386554622,0.170959200494942,0.1359549344399762,0.2107791739589891
Clade2,28.100840336134453,0.17253211741058505,0.13710798375665192,0.21268993894597926
Clade2,28.285714285714285,0.1740796640624392,0.13825860051203803,0.2145244382550532
Clade2,28.470588235294116,0.1756101234237012,0.13948535293498035,0.21642125418417096
Clade2,28.65546218487395,0.17708087885193713,0.14056936290203256,0.21826866665361408
Clade2,28.840336134453782,0.17854013933808088,0.14176113072040952,0.21988194118617244
Clade2,29.025210084033613,0.1799239626228827,0.14298651518129435,0.2216268367167578
Clade2,29.210084033613445,0.1812890907640186,0.14413934272993378,0.22318992772704244
Clade2,29.39495798319328,0.18260249676609697,0.1451824399252919,0.2248670460036115
Clade2,29.57983193277311,0.18388657738425354,0.14614714507456503,0.22641001806512134
Clade2,29.764705882352942,0.1850775911171964,0.14705549657966457,0.22784486852535593
Clade2,29.949579831932773,0.18623898766842756,0.14805307811631407,0.22949443891623317
Clade2,30.134453781512605,0.18733871346611322,0.14889369039158784,0.23076033215470676
Clade2,30.319327731092436,0.188384341671344,0.14966501394901321,0.2321931205129567
Clade2,30.504201680672267,0.18933667186213837,0.1504549067699278,0.23359662214576732
Clade2,30.689075630252102,0.19023468840366706,0.1510685661770919,0.23456480042297814
Clade2,30.873949579831933,0.1910877031148841,0.15172707574104685,0.23554314466859647
Clade2,31.058823529411764,0.19181359677396706,0.15232548855185432,0.2365689896535727
Clade2,31.2436974789916,0.1925085016592768,0.15285461255577942,0.23745976835475718
Clade2,31.42857142857143,0.19307278673081174,0.1532428018059404,0.23818638926845437
Clade2,31.613445378151262,0.19347685175407292,0.15359732816727853,0.238936911891983
Clade2,31.798319327731093,0.19387965976099836,0.15377759098542393,0.23963155015255602
Clade2,31.983193277310924,0.19404843011714645,0.15390475769346434,0.24000034849713592
Clade2,32.168067226890756,0.1942518098076596,0.1538968733711805,0.2402783832155486
Clade2,32.35294117647059,0.19432016917753347,0.15382799602524938,0.24025270728669734
Clade2,32.53781512605042,0.19419052497896047,0.15366718272902646,0.24028747486096425
Clade2,32.72268907563026,0.19397692268444044,0.1533932882042033,0.24031751630033457
Clade2,32.90756302521008,0.19359214604116104,0.15302779207273695,0.2400273177183969
Clade2,33.09243697478992,0.1930584869257266,0.15254389680005753,0.2395559837349041
Clade2,33.27731092436975,0.1924150824627952,0.15171095369065402,0.2389335975120582
Clade2,33.46218487394958,0.19160609943695062,0.15099456773973197,0.23821741950868414
Clade2,33.64705882352941,0.1906040579750587,0.1501579069959447,0.23736244098452772
Clade2,33.831932773109244,0.18949112750541425,0.14910511514109961,0.23638303526793292
Clade2,34.016806722689076,0.18818860383280683,0.14790126739525947,0.2349074211188717
Clade2,34.20168067226891,0.1867093856452414,0.14648429926414405,0.2333835249171055
Clade2,34.38655462184874,0.18516408537854662,0.14485839242077933,0.23202694446712188
Clade2,34.57142857142857,0.1834288248170755,0.1432902801242128,0.2302247828673231
Clade2,34.75630252100841,0.18158587619559588,0.14149456189598178,0.22833616125128445
Clade2,34.94117647058823,0.17952788979452666,0.13950899344024317,0.22634168368604562
Clade2,35.12605042016807,0.17732413053757573,0.13740619174900112,0.22405181316410935
Clade2,35.3109243697479,0.1749362549486872,0.1352237284621125,0.22126080520846675
Clade2,35.49579831932773,0.17242658775663983,0.13299984146939348,0.21855865782664494
Clade2,35.680672268907564,0.1697235631462502,0.13059017720102606,0.21578304664164832
Clade2,35.865546218487395,0.16689446484995704,0.12811515163635484,0.21261106941563176
Clade2,36.05042016806723,0.16392435561259897,0.12559870275749552,0.20931803422577872
Clade2,36.23529411764706,0.16085046519173585,0.1230462622730943,0.20603309457272886
Clade2,36.42016806722689,0.1577248423842644,0.12026334832190531,0.20266477894463616
Clade2,36.60504201680672,0.15444792788564432,0.11743848992552279,0.1990971477264585
Clade2,36.78991596638656,0.1510783400104992,0.11454837659880394,0.1952664174539722
Clade2,36.97478991596638,0.14761973203823964,0.11157437439433819,0.19154570830407747
Clade2,37.15966386554622,0.14403046619621301,0.10860940350330033,0.18751147685508907
Clade2,37.34453781512605,0.1403718598924892,0.10557446165767632,0.18340667414017062
Clade2,37.529411764705884,0.13664396967317782,0.10248134215792551,0.17939372082964344
Clade2,37.714285714285715,0.13290923081360137,0.09938724107602344,0.17514092112281496
Clade2,37.89915966386555,0.12908753097299921,0.09630681883966899,0.17068954594777278
Clade2,38.08403361344538,0.12527516712766765,0.09314688551837144,0.1661797082751567
Clade2,38.26890756302521,0.12139813378372957,0.08994991846680404,0.16163778369177734
Clade2,38.45378151260505,0.1176025151217846,0.08694890995745433,0.15711618177981815
Clade2,38.63865546218487,0.11377679956777526,0.08384148470689239,0.15273491360111832
Clade2,38.82352941176471,0.10996780527582745,0.08088716368076343,0.14810252025996368
Clade2,39.008403361344534,0.10621922856068108,0.07797299253372854,0.14336945101925114
Clade2,39.19327731092437,0.10251947716035045,0.07506209642533822,0.13883139364526523
Clade2,39.378151260504204,0.09880775288218889,0.07214882194235256,0.13436794672415805
Clade2,39.563025210084035,0.09514331626739758,0.06927204095427285,0.12974379776087622
Clade2,39.747899159663866,0.09159121021411855,0.06646301521021147,0.12534123879772127
Clade2,39.9327731092437,0.08805704997032984,0.06372774517850137,0.12087066731681986
Clade2,40.11764705882353,0.08456972742844523,0.06107730018390115,0.11656585735191843
Clade2,40.30252100840336,0.08117200303741644,0.058414094724987604,0.11227603128013437
Clade2,40.4873949579832,0.07786152931500187,0.05582939260682104,0.10807047638867542
Clade2,40.67226890756302,0.07466051792157713,0.05335709719290583,0.10390966961537215
Clade2,40.85714285714286,0.07153852136026037,0.050880889860921145,0.09988325820976973
Clade2,41.042016806722685,0.0685095961951839,0.04855108782937295,0.09594063288132466
Clade2,41.226890756302524,0.06553424293755604,0.04624114049993967,0.09197098032282568
Clade2,41.411764705882355,0.0626653947970083,0.044055787947365754,0.08832845197107997
Clade2,41.596638655462186,0.059884267194890026,0.041936845584975874,0.08478759996599704
Clade2,41.78151260504202,0.05721783505093342,0.03983142273069143,0.08134028477254064
Clade2,41.96638655462185,0.054607508417970435,0.03788760222725619,0.07794281721200387
Clade2,42.15126050420168,0.05211239060204824,0.03596316516511119,0.07468282752703417
Clade2,42.33613445378151,0.049722297170643005,0.03416762316789013,0.07145354529855719
Clade2,42.52100840336135,0.04739885081561309,0.03245421683829826,0.06835489124843482
Clade2,42.705882352941174,0.04517164902263535,0.030817421420967196,0.06533831172400763
Clade2,42.89075630252101,0.04303591910522789,0.029263622475399702,0.06244977970503968
Clade2,43.07563025210084,0.040996622979411826,0.02775961707774056,0.05981344012746299
Clade2,43.260504201680675,0.0390224103316398,0.02625842993994579,0.057135891990211116
Clade2,43.445378151260506,0.03715764434917587,0.024813164146913834,0.054613144150889144
Clade2,43.63025210084034,0.03538100042265716,0.023508234918470237,0.05225226281873267
Clade2,43.81512605042017,0.03367493290396584,0.0222614930908438,0.05000516089225285
Clade2,44,0.03203028286382585,0.021074654511397038,0.04771847622104661
Clade3,22,0.2501653501991279,0.20379092749127725,0.3026411181723415
Clade3,22.18487394957983,0.25168387054754066,0.20498813168077804,0.3042022894916697
Clade3,22.369747899159663,0.253145511021587,0.20640859414537976,0.3059245370104774
Clade3,22.554621848739497,0.2546048399380211,0.20773241222593125,0.30757365359894256
Clade3,22.73949579831933,0.2560766042544634,0.209144039460718,0.30934968470459706
Clade3,22.92436974789916,0.25753099808352353,0.2103869315722291,0.3110921701454708
Clade3,23.10924369747899,0.2589315228280239,0.2117036216549332,0.3126017065743953
Clade3,23.294117647058822,0.2603913739777881,0.21304809462944066,0.3142964271069516
Clade3,23.478991596638657,0.2618039553729995,0.2143044409753054,0.315838383923411
Clade3,23.66386554621849,0.2632339925268067,0.21550653837420347,0.3173372343741758
Clade3,23.84873949579832,0.2646562231135676,0.21682100217670836,0.3189878217856849
Clade3,24.03361344537815,0.26603560557336786,0.21813611968014412,0.3206880551462846
Clade3,24.218487394957982,0.2674051825027236,0.2193086118436999,0.32223929880378327
Clade3,24.403361344537814,0.2687925823403642,0.22055413971533203,0.3237237121183564
Clade3,24.58823529411765,0.27021972667854444,0.22185576775604116,0.3252526885092049
Clade3,24.77310924369748,0.271554949363887,0.22302968695841682,0.32667715068229475
Clade3,24.95798319327731,0.2728966141816142,0.22419712167434877,0.328133124608993
Clade3,25.142857142857142,0.27421799708556815,0.2252409017265052,0.32975997676470686
Clade3,25.327731092436974,0.27556231688326227,0.22632650119518075,0.3312508901921632
Clade3,25.51260504201681,0.27687414775076413,0.227447327587388,0.33296007466317135
Clade3,25.69747899159664,0.2781867354798848,0.22844144939579136,0.3343982985695676
Clade3,25.88235294117647,0.27942456855613995,0.2294155442760427,0.33581078003223663
Clade3,26.067226890756302,0.280682273384992,0.2305407484143021,0.33720304800120315
Clade3,26.252100840336134,0.2818693161368155,0.23151745070160623,0.3385621705933328
Clade3,26.436974789915965,0.28306618294265845,0.2326096046117967,0.3397592711803046
Clade3,26.6218487394958,0.2842336682405857,0.2335755578833369,0.3409808413978375
Clade3,26.80672268907563,0.2853710760557663,0.2344458416070695,0.34217166076380967
Clade3,26.991596638655462,0.2864559559716574,0.23532466185602655,0.3435826859265095
Clade3,27.176470588235293,0.28752788362690185,0.23627939918912969,0.34478347929223513
Clade3,27.36134453781513,0.2885580811531457,0.2372375771751277,0.3459573859282415
Clade3,27.54621848739496,0.2896111593433757,0.23812583903339116,0.3471901342496076
Clade3,27.73109243697479,0.29057761602752546,0.2390053912761612,0.34836517035898606
Clade3,27.915966386554622,0.29151905116745624,0.23983750563850945,0.3493807823733993
Clade3,28.100840336134453,0.2924091497682171,0.2405062366101431,0.35054034143226254
Clade3,28.285714285714285,0.29330313182737483,0.24124869783786612,0.35159449401328746
Clade3,28.470588235294116,0.29409166267988707,0.24188141182810954,0.35249785605897643
Clade3,28.65546218487395,0.2948707517645938,0.24266455052960384,0.3532605396399363
Clade3,28.840336134453782,0.29558393072428996,0.24320906470786324,0.35425275221924163
Clade3,29.025210084033613,0.2962783865300498,0.2438241876518572,0.35499705188414654
Clade3,29.210084033613445,0.29693848710490844,0.24435970095744705,0.3557597355538611
Clade3,29.39495798319328,0.29750261522713867,0.24475900035681422,0.3563660686464415
Clade3,29.57983193277311,0.2979692803953239,0.24504452685679706,0.3569539783379628
Clade3,29.764705882352942,0.29844746869863703,0.2453070215507666,0.357469711123929
Clade3,29.949579831932773,0.29885317395751965,0.24553773977217733,0.3578649284372132
Clade3,30.134453781512605,0.2992067155988505,0.24566220514496012,0.358279975156088
Clade3,30.319327731092436,0.299495225401563,0.2460040940183141,0.35861941821286225
Clade3,30.504201680672267,0.29970100054441606,0.2459548223693286,0.35889599555813884
Clade3,30.689075630252102,0.2998246934190615,0.2460803213175607,0.3591366809237886
Clade3,30.873949579831933,0.29989473861494187,0.2460428087595668,0.3592481554478149
Clade3,31.058823529411764,0.2998354828823615,0.24599497444275617,0.3593276945494961
Clade3,31.2436974789916,0.2996710029755103,0.24567190572797937,0.3591634607290828
Clade3,31.42857142857143,0.29943268263274003,0.24542563454283273,0.3590923878163869
Clade3,31.613445378151262,0.2991440521379959,0.2449210261097935,0.3587961995543058
Clade3,31.798319327731093,0.29879209802720985,0.24441752011936616,0.3584817311249022
Clade3,31.983193277310924,0.2982812080360526,0.24381316312146972,0.35817405548265596
Clade3,32.168067226890756,0.29766042346327437,0.24305386083621705,0.35753887101021986
Clade3,32.35294117647059,0.2969605646159952,0.2423754116943766,0.35701436009481247
Clade3,32.53781512605042,0.29621549225534016,0.24164392002931834,0.35640617477951597
Clade3,32.72268907563026,0.29534947236358644,0.2408416036144133,0.35548395915920405
Clade3,32.90756302521008,0.2944210580610238,0.2399709589992195,0.3546252961070104
Clade3,33.09243697478992,0.2933154202719546,0.23890766370799132,0.35356439811962165
Clade3,33.27731092436975,0.29215667686408786,0.23759364335711414,0.35231072814254966
Clade3,33.46218487394958,0.2907900892891143,0.23669967117214377,0.3507301966415251
Clade3,33.64705882352941,0.289469801049106,0.2351594747602776,0.34934266623958915
Clade3,33.831932773109244,0.28796035544695775,0.23357362334001452,0.34787499871554706
Clade3,34.016806722689076,0.28629888221946787,0.2319008435311607,0.34607254786901254
Clade3,34.20168067226891,0.2845405703777585,0.23028881204518806,0.34415537595746815
Clade3,34.38655462184874,0.28265914581825036,0.2286297606046783,0.3421426339237149
Clade3,34.57142857142857,0.2806577636117683,0.22678590579823724,0.34026215281830846
Clade3,34.75630252100841,0.2786232752119323,0.22483454145779963,0.33805319536144113
Clade3,34.94117647058823,0.2763998030065523,0.222662612811171,0.3357436773256291
Clade3,35.12605042016807,0.274060681465134,0.22040978118804788,0.3331387618993971
Clade3,35.3109243697479,0.2716640808400642,0.21802621008510883,0.3305781664094571
Clade3,35.49579831932773,0.2691420439568939,0.21566721772817848,0.32790031235952977
Clade3,35.680672268907564,0.2664742942079442,0.2133369964804244,0.3247634041923956
Clade3,35.865546218487395,0.2637003385154806,0.21081816311636226,0.32178884705399974
Clade3,36.05042016806723,0.2608550386697587,0.20811878246729415,0.31878684379960825
Clade3,36.23529411764706,0.2578247245169125,0.20549751143087283,0.31558477126995194
Clade3,36.42016806722689,0.254777195230416,0.2027789246434117,0.3124093991156063
Clade3,36.60504201680672,0.2515368533133363,0.1997648312818023,0.30929999299791555
Clade3,36.78991596638656,0.24827737659055843,0.19675569154927242,0.30545956134043345
Clade3,36.97478991596638,0.24489009510550974,0.19383142184371122,0.301936522681873
Clade3,37.15966386554622,0.24139316628472113,0.19059130000691604,0.29838459652558513
Clade3,37.34453781512605,0.23783661248562635,0.18732177690129592,0.29472660415857677
Clade3,37.529411764705884,0.2341865725725266,0.18396212409113288,0.2906728616878808
Clade3,37.714285714285715,0.23042007759923114,0.18068296517048776,0.2867021372733802
Clade3,37.89915966386555,0.22659134480962964,0.17728569014005965,0.2825885575445601
Clade3,38.08403361344538,0.22274435389073194,0.17392686250196598,0.27814684884636787
Clade3,38.26890756302521,0.21875819999244012,0.170428178269663,0.27396151160195475
Clade3,38.45378151260505,0.2147633526597169,0.1668726050401478,0.269747507159436
Clade3,38.63865546218487,0.21072730521829808,0.1632236570649488,0.26530812682174654
Clade3,38.82352941176471,0.2066269542231131,0.15965086113499388,0.2609868958121201
Clade3,39.008403361344534,0.20249394159139816,0.15621596409956062,0.25642555316109206
Clade3,39.19327731092437,0.19833503898599686,0.15267923603417874,0.2517274399497693
Clade3,39.378151260504204,0.19409549253432723,0.14897741424454325,0.24689162325619307
Clade3,39.563025210084035,0.18983581200591804,0.14544349260513256,0.24206347458550623
Clade3,39.747899159663866,0.1856009356679768,0.14185154890000803,0.23726692814012093
Clade3,39.9327731092437,0.18135548563283313,0.13841434494772842,0.23229751020815853
Clade3,40.11764705882353,0.1771248024306431,0.13481326310618327,0.2275722040421676
Clade3,40.30252100840336,0.17286415734850907,0.1312909604389186,0.2227244162362198
Clade3,40.4873949579832,0.16864733573640156,0.12785197338029325,0.21778270816945156
Clade3,40.67226890756302,0.1644911117623115,0.12430070141698155,0.21293232934225537
Clade3,40.85714285714286,0.1603125184060114,0.12081584596346479,0.20804310138896898
Clade3,41.042016806722685,0.15610517263461549,0.1173849843133281,0.2029277913141747
Clade3,41.226890756302524,0.1519626620593556,0.11405662193340106,0.19809878555269086
Clade3,41.411764705882355,0.14792364436380495,0.11069373241188948,0.19317976881794305
Clade3,41.596638655462186,0.14391085901428016,0.10731588588119005,0.1883880554517059
Clade3,41.78151260504202,0.1399052420587352,0.10414761715521915,0.18366677316995986
Clade3,41.96638655462185,0.13589952095701058,0.1009646571514856,0.1789163921493597
Clade3,42.15126050420168,0.13196623867534288,0.09785446643965957,0.1741860888649495
Clade3,42.33613445378151,0.12810705862324417,0.09479279019663031,0.16953067492559695
Clade3,42.52100840336135,0.12429185237740908,0.09183202018466698,0.16484154451509436
Clade3,42.705882352941174,0.12053697517058004,0.08886036678958721,0.16038596973031083
Clade3,42.89075630252101,0.11687314259284012,0.08594818232016599,0.1559261623665195
Clade3,43.07563025210084,0.11322244791634033,0.0830707228911692,0.15141456275548335
Clade3,43.260504201680675,0.10969049189196897,0.08036999903050474,0.1471790042270951
Clade3,43.445378151260506,0.1061988831239884,0.07762468548709378,0.14307189122422032
Clade3,43.63025210084034,0.10278998969027064,0.07475699469308786,0.13900045376779335
Clade3,43.81512605042017,0.09946841796574349,0.07212295551047553,0.1347862884911275
Clade3,44,0.0962034062430856,0.06945250462022741,0.13084104640781383
Clade4,22,0.2697763867975317,0.2225679571024851,0.32605057711067525
Clade4,22.18487394957983,0.27157263244505914,0.22419725062686832,0.3278401267034471
Clade4,22.369747899159663,0.2733825438976761,0.22575759193757416,0.3296562600862039
Clade4,22.554621848739497,0.27516500491840234,0.22749808832760535,0.33142720122691116
Clade4,22.73949579831933,0.2768720709615707,0.2290028438050023,0.33310795416061384
Clade4,22.92436974789916,0.27856705671537785,0.2305339903653938,0.3350149273078609
Clade4,23.10924369747899,0.28024160763871464,0.23224793518426987,0.3368208966425257
Clade4,23.294117647058822,0.2819532785664973,0.23379804702615395,0.3387167583048007
Clade4,23.478991596638657,0.28364919621112517,0.2352979380141571,0.34062861921733645
Clade4,23.66386554621849,0.28538102758913686,0.23686165330125833,0.34237960980877735
Clade4,23.84873949579832,0.2870389501544076,0.23839241111261625,0.3441824597014223
Clade4,24.03361344537815,0.28872945530561683,0.2399068617193554,0.3458645829648803
Clade4,24.218487394957982,0.290420194477523,0.24128430167928522,0.3475313616679322
Clade4,24.403361344537814,0.2920994315061319,0.2427254421206339,0.34927518592629514
Clade4,24.58823529411765,0.29377245205547314,0.2441526171523037,0.35106701759396897
Clade4,24.77310924369748,0.2953819089766343,0.24552695943327277,0.35271096853087386
Clade4,24.95798319327731,0.29703256939138967,0.2471257166221362,0.35444400405367477
Clade4,25.142857142857142,0.29863988555280446,0.248490423241645,0.3562679678261747
Clade4,25.327731092436974,0.30018203602070914,0.25005666537859206,0.35813277275374
Clade4,25.51260504201681,0.3017180126811375,0.2514019581453357,0.3599177141871446
Clade4,25.69747899159664,0.30320352812231266,0.2527432424275547,0.36162626152236155
Clade4,25.88235294117647,0.30462950333004873,0.25400969463179734,0.3634250721294419
Clade4,26.067226890756302,0.3060698528778383,0.25528180911356063,0.36508343307551794
Clade4,26.252100840336134,0.3075271686242773,0.25658169487374133,0.3667289594859654
Clade4,26.436974789915965,0.30894007002069235,0.2578013992090897,0.3681830597187156
Clade4,26.6218487394958,0.31037548194122266,0.25902215431988357,0.3696933865558846
Clade4,26.80672268907563,0.31172217094968413,0.2602072527199263,0.3712346324275927
Clade4,26.991596638655462,0.31310361556314836,0.26144834690050667,0.37279132285572475
Clade4,27.176470588235293,0.31442710156258946,0.2625174085381872,0.374238062906299
Clade4,27.36134453781513,0.31567949953246094,0.26360264297385644,0.3754643810281628
Clade4,27.54621848739496,0.3168729958037967,0.2647190649219935,0.3769163977320532
Clade4,27.73109243697479,0.3180414268788454,0.2658237837686198,0.37813760024446536
Clade4,27.915966386554622,0.3191808382228507,0.26690537496392264,0.3794809950201204
Clade4,28.100840336134453,0.3202998223018241,0.26782909389639215,0.38087171992122043
Clade4,28.285714285714285,0.321359393298138,0.26867468320379356,0.3822164083845903
Clade4,28.470588235294116,0.3223166925790889,0.26948123568753163,0.38324200184610596
Clade4,28.65546218487395,0.3232524132332967,0.2703055735174416,0.3843991587367889
Clade4,28.840336134453782,0.32420755817934765,0.271096243411511,0.38564387350152857
Clade4,29.025210084033613,0.3250266486538359,0.27177184179264663,0.38653122055915634
Clade4,29.210084033613445,0.32580863934653226,0.2724716680704162,0.3873616157494576
Clade4,29.39495798319328,0.32652696821536853,0.273056097029075,0.3884035662860976
Clade4,29.57983193277311,0.3272488368430022,0.27370576952278836,0.3893753059861462
Clade4,29.764705882352942,0.3278567430125856,0.2741686049590364,0.3899891221237137
Clade4,29.949579831932773,0.3284532845156115,0.2745066063472965,0.3906709981145903
Clade4,30.134453781512605,0.32890522405800104,0.27494487786542166,0.3912979427822038
Clade4,30.319327731092436,0.32932275398060157,0.2753077770103758,0.39187577596993506
Clade4,30.504201680672267,0.3296931731055338,0.275583437426599,0.39220818737363566
Clade4,30.689075630252102,0.3299287554604655,0.2757111903115599,0.3924224447720141
Clade4,30.873949579831933,0.33013790931708886,0.2757792676590851,0.3927825930832623
Clade4,31.058823529411764,0.3302667261391238,0.2757587757667216,0.3930353095032884
Clade4,31.2436974789916,0.33030424339910514,0.2757608841118254,0.3931749963340919
Clade4,31.42857142857143,0.33025989025141295,0.27556279521707805,0.3932804895309372
Clade4,31.613445378151262,0.3301612196543111,0.27528179712588424,0.39327373294645396
Clade4,31.798319327731093,0.32989041905520977,0.27505829259470654,0.39311386777692275
Clade4,31.983193277310924,0.3295420189721687,0.27469132914157024,0.3927826536638181
Clade4,32.168067226890756,0.32911811173872274,0.2742251450101384,0.39242503323828204
Clade4,32.35294117647059,0.3285905042500724,0.2737116709051939,0.3916982689927493
Clade4,32.53781512605042,0.3280248136189487,0.2730834264457505,0.39113249415354057
Clade4,32.72268907563026,0.3273197366866343,0.27229316405752074,0.39053712122984025
Clade4,32.90756302521008,0.326450045841147,0.2713580690621429,0.3896541821197063
Clade4,33.09243697478992,0.3255161883259053,0.27026835187183906,0.38864550537353576
Clade4,33.27731092436975,0.3245059370562383,0.26913416139961105,0.3876339535610204
Clade4,33.46218487394958,0.3234582034505848,0.26779700448931915,0.38639715482846143
Clade4,33.64705882352941,0.32216382410036337,0.26651874816248894,0.3851521854541131
Clade4,33.831932773109244,0.3208114087941003,0.2650822625995122,0.3838185816814918
Clade4,34.016806722689076,0.3194275154584026,0.26364213719833546,0.38245670286386024
Clade4,34.20168067226891,0.3178312261460372,0.2620954316129891,0.38082778532865785
Clade4,34.38655462184874,0.3161515264723163,0.26053717795499215,0.3791807180178688
Clade4,34.57142857142857,0.3143784278305852,0.25874629442219566,0.3772846990338469
Clade4,34.75630252100841,0.3125075740945068,0.25700095288868474,0.37542372105288363
Clade4,34.94117647058823,0.3105380929038074,0.25493089901695654,0.37353813944159386
Clade4,35.12605042016807,0.30843079552305214,0.25304627856097295,0.3713353540289444
Clade4,35.3109243697479,0.306155344751905,0.25074464788359885,0.36900292712765875
Clade4,35.49579831932773,0.3037290158770741,0.24859046099048712,0.36680772954052826
Clade4,35.680672268907564,0.3012464917235405,0.24601645741328382,0.36427319379278666
Clade4,35.865546218487395,0.29863174936574355,0.24351800023932468,0.36153842311179185
Clade4,36.05042016806723,0.29592621243932526,0.2408172324755124,0.3588464315105742
Clade4,36.23529411764706,0.29312205240519906,0.238234898994871,0.3559189773999415
Clade4,36.42016806722689,0.29016348698279476,0.23544615766573412,0.352774676713606
Clade4,36.60504201680672,0.2871412259161102,0.23273892489912082,0.3496146445112428
Clade4,36.78991596638656,0.2840309995893803,0.22983440805594393,0.3462986926349085
Clade4,36.97478991596638,0.2808174241276068,0.22664426174492064,0.3429392428529847
Clade4,37.15966386554622,0.27750983915451666,0.2235293668683607,0.33956694375234125
Clade4,37.34453781512605,0.2741444646465737,0.2203245122913362,0.3362991025948876
Clade4,37.529411764705884,0.2706311868979617,0.21699692484598107,0.3325288720473849
Clade4,37.714285714285715,0.26702261711324027,0.2136152724998276,0.32884402545091335
Clade4,37.89915966386555,0.2633700410250249,0.21024021575448917,0.32501911326271155
Clade4,38.08403361344538,0.2595984400053259,0.20690808548092574,0.3211607879653336
Clade4,38.26890756302521,0.25577656148082817,0.20355361016174797,0.3170923574357939
Clade4,38.45378151260505,0.2519209756265095,0.20011870637518542,0.3129717998208793
Clade4,38.63865546218487,0.24796783666340072,0.19656382020680768,0.3085405889633583
Clade4,38.82352941176471,0.2439765760390801,0.19287926115894094,0.30419150018846214
Clade4,39.008403361344534,0.23988897527287265,0.18943069799367632,0.29993675413536647
Clade4,39.19327731092437,0.23586981813654806,0.185765809789931,0.2955544334672118
Clade4,39.378151260504204,0.23171496026170685,0.18217518358676524,0.290998083563156
Clade4,39.563025210084035,0.22756964245958117,0.17859239732535137,0.28663307107430186
Clade4,39.747899159663866,0.2233609538969112,0.17483969422181253,0.2817994600199006
Clade4,39.9327731092437,0.21911724388762227,0.17116498212715417,0.2770493712806094
Clade4,40.11764705882353,0.2148758232680966,0.16748911243423503,0.272258889539453
Clade4,40.30252100840336,0.21057897209361387,0.16382468075667878,0.2675946607037021
Clade4,40.4873949579832,0.20628952733363054,0.1601573558411438,0.26259427573202115
Clade4,40.67226890756302,0.20201509370332366,0.15640378440858171,0.2576415983031398
Clade4,40.85714285714286,0.19772621371156293,0.15277192883406412,0.25270768883355754
Clade4,41.042016806722685,0.19344052590197183,0.1490648447965058,0.24794496369723895
Clade4,41.226890756302524,0.1891287582848839,0.14538346935250673,0.24320874393086245
Clade4,41.411764705882355,0.18487022832144762,0.14174188830876766,0.23854509405651111
Clade4,41.596638655462186,0.18066298348582155,0.13817709972780653,0.2336776838265192
Clade4,41.78151260504202,0.17642269266027685,0.134593668298543,0.2285606120180467
Clade4,41.96638655462185,0.17222184253631034,0.13102185641157466,0.22369601812058926
Clade4,42.15126050420168,0.168008209838024,0.12755129031899118,0.21884202892640972
Clade4,42.33613445378151,0.16387581682644559,0.12410200684281684,0.21387183608254223
Clade4,42.52100840336135,0.15977652126716768,0.12067811054077403,0.20904694983546754
Clade4,42.705882352941174,0.15568603231528075,0.11737353135249318,0.204417984415346
Clade4,42.89075630252101,0.15170906128417389,0.11404840165625943,0.19974462161999326
Clade4,43.07563025210084,0.14774489249084363,0.11067409626367347,0.19499727581402995
Clade4,43.260504201680675,0.14384727469899578,0.10742851497903275,0.1903624694096376
Clade4,43.445378151260506,0.14006964055996066,0.10423678951743248,0.18575473544990598
Clade4,43.63025210084034,0.13621895065423484,0.1010902055747449,0.18128106828440518
Clade4,43.81512605042017,0.13251271891844985,0.0980232757796894,0.17662843640621415
Clade4,44,0.12887035656649984,0.0949709766220962,0.17217840365772005
para,22,0.2043750456602373,0.16395848440011795,0.2540497139926581
para,22.18487394957983,0.2054125098290005,0.16493392329678225,0.25513995318368154
para,22.369747899159663,0.20650590051575107,0.1658457425991844,0.2562290159610566
para,22.554621848739497,0.20757294083137698,0.16682279958715251,0.2574380082857572
para,22.73949579831933,0.20866140647506126,0.1677072242680087,0.2585843307743227
para,22.92436974789916,0.20978546736577813,0.16865295020875307,0.2596828797775584
para,23.10924369747899,0.21083798707215226,0.16972185835217501,0.26104242984478654
para,23.294117647058822,0.21194155101220197,0.17081905158091756,0.2620828450206925
para,23.478991596638657,0.21293156728702795,0.17173327401932528,0.2631959390411637
para,23.66386554621849,0.21400611646098502,0.17268258960526398,0.26434334425230144
para,23.84873949579832,0.2150889382164496,0.17356530600892642,0.2653385564303554
para,24.03361344537815,0.21617063382504437,0.17446988080256046,0.26620047625485793
para,24.218487394957982,0.21721491605024307,0.17548838860084742,0.2673719960882313
para,24.403361344537814,0.21820500317247996,0.17631080328126497,0.26851288398307854
para,24.58823529411765,0.2192189568319282,0.17713977278140997,0.2694926777253003
para,24.77310924369748,0.2201981296298388,0.17800902926933274,0.27074258689655706
para,24.95798319327731,0.22121577811555712,0.17872070251606698,0.2717911552205274
para,25.142857142857142,0.22215462169184025,0.17959564725188398,0.27297915304415554
para,25.327731092436974,0.22307969509490694,0.18044083053275103,0.27416453039647787
para,25.51260504201681,0.22412306319949843,0.18128021438382508,0.27523440413851746
para,25.69747899159664,0.22506365528292493,0.18205758008076392,0.27620492242352795
para,25.88235294117647,0.22598565626783507,0.1827375557939077,0.27723025565424475
para,26.067226890756302,0.2268780078820693,0.18356820354560938,0.2781480471741616
para,26.252100840336134,0.22773092401265838,0.18431551293874776,0.279158021602759
para,26.436974789915965,0.22860629387737824,0.18515453926837133,0.2801052861478727
para,26.6218487394958,0.22941849849982993,0.1858169977029958,0.281072749851846
para,26.80672268907563,0.2302475464492305,0.1865633568851021,0.2820918342246949
para,26.991596638655462,0.23100784664447677,0.18727764687840562,0.28315109291139223
para,27.176470588235293,0.2318017174068964,0.18784860899185415,0.283969507546109
para,27.36134453781513,0.23253065938677764,0.18834717136983195,0.28491619565500487
para,27.54621848739496,0.2332298019188134,0.18891287421897293,0.285799956619007
para,27.73109243697479,0.23389840735081086,0.18955049583807795,0.2865853325142086
para,27.915966386554622,0.23454451566915227,0.18997944311470796,0.2874056935406883
para,28.100840336134453,0.23507024118259773,0.19048701324707598,0.28808441375491334
para,28.285714285714285,0.2356202283176193,0.19085342492321875,0.2886763646517694
para,28.470588235294116,0.23614624802950568,0.19122745858771306,0.2893673618912604
para,28.65546218487395,0.23660806356472802,0.19164130136607557,0.2898098323910361
para,28.840336134453782,0.2369992987916637,0.1919273413225411,0.29042205945722527
para,29.025210084033613,0.23731839553835382,0.19203908894915736,0.29101891137036273
para,29.210084033613445,0.237609293453448,0.19212664254395684,0.29133109864035833
para,29.39495798319328,0.23782823983784118,0.19233685608615836,0.29157914592884254
para,29.57983193277311,0.23796278529207718,0.1923905909387288,0.29182279530071115
para,29.764705882352942,0.2380309211165605,0.19239820195352741,0.29196269687173604
para,29.949579831932773,0.23798772532220014,0.1922575352919192,0.2919293513048628
para,30.134453781512605,0.23786682380972615,0.1920589933914625,0.29194139702373784
para,30.319327731092436,0.23773155359262282,0.19181147719218725,0.2917821503461096
para,30.504201680672267,0.23743537206967544,0.19137401021261255,0.2916204011616945
para,30.689075630252102,0.23705545711767587,0.19100465081599452,0.2913316659786039
para,30.873949579831933,0.2365398822984245,0.19052616746197243,0.29083989107404346
para,31.058823529411764,0.23596259991675989,0.18994842165588247,0.2903178492240202
para,31.2436974789916,0.2352662923899419,0.1893750719364187,0.289708891850066
para,31.42857142857143,0.23449815458317416,0.18859355571639141,0.2887940152157313
para,31.613445378151262,0.23359552254347682,0.1876191353580853,0.2877408056478448
para,31.798319327731093,0.23259698561534264,0.1865866911965805,0.28679421072238775
para,31.983193277310924,0.23142563513802383,0.1854578729307095,0.2857212073638632
para,32.168067226890756,0.23013805235609971,0.18425585800864105,0.2841937688177773
para,32.35294117647059,0.22867795084357978,0.1829436696135866,0.28275613383253123
para,32.53781512605042,0.22704274447540496,0.18139115776043013,0.2811945619508785
para,32.72268907563026,0.22525928037476714,0.1797756190155399,0.2794138999797773
para,32.90756302521008,0.22328472927834964,0.17794499234109964,0.2776300501147937
para,33.09243697478992,0.22123229797097732,0.17601773013969083,0.2755618424380522
para,33.27731092436975,0.2190265760220988,0.17395966945447955,0.2731261534652643
para,33.46218487394958,0.21664285308943104,0.17173459837761423,0.2707555910349709
para,33.64705882352941,0.21415115439872118,0.16952609522510362,0.267994756780575
para,33.831932773109244,0.21144933669376342,0.1670284080169221,0.2649999096261999
para,34.016806722689076,0.20859253063249794,0.16450317938885026,0.26199080217784104
para,34.20168067226891,0.20560583485044107,0.16187551975872888,0.25864322617026236
para,34.38655462184874,0.20245909874929308,0.15929321485198247,0.2553236942731117
para,34.57142857142857,0.19920085633637186,0.1563691809180982,0.25152174109476577
para,34.75630252100841,0.1957631621069887,0.15327273677555453,0.24765772801399025
para,34.94117647058823,0.19216203516676375,0.14989992525725085,0.24353983383429262
para,35.12605042016807,0.1883542951160748,0.14661531782082446,0.2396929684299124
para,35.3109243697479,0.18444804519623673,0.1432074299544981,0.23531511706761687
para,35.49579831932773,0.18047772516755067,0.13972456150987128,0.23077909250499598
para,35.680672268907564,0.17636213566663972,0.13621431859234853,0.22622022814017698
para,35.865546218487395,0.1721170680015269,0.13253815861064042,0.22136405234483217
para,36.05042016806723,0.16782030758264024,0.12863351627326317,0.21645880561121475
para,36.23529411764706,0.16343241771279537,0.12492926907357979,0.21132562086200343
para,36.42016806722689,0.15900074827352537,0.12104752924151213,0.20619870848650285
para,36.60504201680672,0.1544812618160321,0.11717532363541255,0.20112770637256727
para,36.78991596638656,0.14995267441587154,0.1134872678084803,0.19585615307787294
para,36.97478991596638,0.14532039937410968,0.10954311193852422,0.19054270956277347
para,37.15966386554622,0.14067176647675264,0.10586723161870541,0.18485573558792776
para,37.34453781512605,0.13600409660245527,0.10211438324276828,0.17927185510576513
para,37.529411764705884,0.13132442657896123,0.09828626159717412,0.17379818550864415
para,37.714285714285715,0.12670989659292098,0.0945119555881273,0.16812840551054875
para,37.89915966386555,0.1220687836919841,0.09065125080251098,0.16231765870419673
para,38.08403361344538,0.117610176701572,0.08693055936283381,0.15700848871713832
para,38.26890756302521,0.11313403627420773,0.08314230275155657,0.15164948829872638
para,38.45378151260505,0.10867110866176458,0.07952155422817439,0.14631748945172685
para,38.63865546218487,0.10429830944133858,0.0759421521170588,0.14110118233650976
para,38.82352941176471,0.1000048836384182,0.072368266681024307,0.13584779057519492
para,39.008403361344534,0.09575939439344902,0.06905030065718454,0.13062145799925937
para,39.19327731092437,0.09162945893157978,0.06564226595356078,0.1255486722596248
para,39.378151260504204,0.08755183092244302,0.06234463377544456,0.12047572942845797
para,39.563025210084035,0.08361913370702347,0.059218603289306275,0.11567919546919801
para,39.747899159663866,0.0798278231968055,0.056124844195970754,0.1109430457527386
para,39.9327731092437,0.07608008075723421,0.05326073464122723,0.10645053450869209
para,40.11764705882353,0.07247560447613759,0.05044357253258488,0.10186392372110122
para,40.30252100840336,0.06900066631006302,0.04764261273088877,0.09758140262034246
para,40.4873949579832,0.06561715137447136,0.044946282754777134,0.09348176276985672
para,40.67226890756302,0.062402481009577286,0.042412922581237675,0.08936654020117976
para,40.85714285714286,0.05926274106165286,0.03999819337299877,0.08548780846647902
para,41.042016806722685,0.05625946738810435,0.0376622326843642,0.08156579195722334
para,41.226890756302524,0.05340548875503048,0.03543429560995131,0.07800179325045543
para,41.411764705882355,0.050628831374934236,0.03330780114673532,0.07441126417830098
para,41.596638655462186,0.04797767719268965,0.03129610714288521,0.0711943146420309
para,41.78151260504202,0.04545752480735539,0.029342132896663507,0.06791913911960344
para,41.96638655462185,0.043070530923306094,0.02741679064268905,0.06484349376867816
para,42.15126050420168,0.04073979195627364,0.02569776104177323,0.06178863587679572
para,42.33613445378151,0.03857874607811766,0.023992087323755653,0.05885096999922544
para,42.52100840336135,0.03649956475143404,0.022495871716887623,0.05608732017729449
para,42.705882352941174,0.03448542136466702,0.021045468806625243,0.05350044300446208
para,42.89075630252101,0.03258463058316942,0.019668638347602928,0.0509604266355049
para,43.07563025210084,0.0307727422566359,0.01840886659841033,0.04852519514490782
para,43.260504201680675,0.029075073719135654,0.01716105655518394,0.04618661318045329
para,43.445378151260506,0.02747574650182869,0.015997241576496832,0.044066029009582036
para,43.63025210084034,0.025955306738152426,0.01494463469589261,0.042000039401657085
para,43.81512605042017,0.02450093689632711,0.013940451030641019,0.0400380255639345
para,44,0.023123544198691594,0.013004433545766997,0.038093385240891814
