Group,T_C,tax,lo,hi
Clade1,22,1.1635580497465923,1.0588187941671123,1.2939897678480392
Clade1,22.25,1.1547038189396146,1.0545089643197492,1.279307918585331
Clade1,22.5,1.1459212304511857,1.0508815886496403,1.2646647870266148
Clade1,22.75,1.1371801347361084,1.0472076337327123,1.2505991965014098
Clade1,23,1.128771072311096,1.0434336737128815,1.2372332612356292
Clade1,23.25,1.1204611849537676,1.0397910866066242,1.2240089851414924
Clade1,23.5,1.1125687949217113,1.0363506110547385,1.211016114811863
Clade1,23.75,1.1046178656247716,1.033182875737334,1.1979089734082848
Clade1,24,1.0971418579945098,1.0300931348227391,1.1863534212639082
Clade1,24.25,1.0898980053795322,1.0270028506024222,1.1750557309821805
Clade1,24.5,1.0826678893211357,1.0240432016728582,1.162886686460924
Clade1,24.75,1.0756823043961061,1.0211862182241314,1.1507225598514415
Clade1,25,1.0688078212294012,1.018328468176116,1.1387728919207107
Clade1,25.25,1.0623753371368343,1.0156332449390366,1.1285550494607417
Clade1,25.5,1.056431465406424,1.0131097783112688,1.1182957877623443
Clade1,25.75,1.0503140573501617,1.010782414018204,1.1079930826307318
Clade1,26,1.044606557607492,1.008767098453196,1.0988572138155845
Clade1,26.25,1.0390417170453259,1.007083371062967,1.0895266648404582
Clade1,26.5,1.033934448120158,1.005323417183114,1.0806916279140086
Clade1,26.75,1.0290971180197848,1.003891399800665,1.0725310195429012
Clade1,27,1.0244636910494949,1.0025137481717357,1.0641434749777
Clade1,27.25,1.020385742795317,1.001700382970943,1.0567617291785507
Clade1,27.5,1.0164435453371863,1.0008838083830853,1.0491904433403627
Clade1,27.75,1.01294410867792,1.0004164736835683,1.0424920781393445
Clade1,28,1.0098101296024242,1.0001286220921624,1.0361881100006036
Clade1,28.25,1.0071248629334209,1.000048199053226,1.030440981041898
Clade1,28.5,1.0048253009575108,1.0000480571260608,1.0254085762592005
Clade1,28.75,1.0030292865380468,1.0000097742367116,1.0207378403580027
Clade1,29,1.001820598167268,1.000005960077799,1.0166166357231785
Clade1,29.25,1.001112971191359,1.0000018916097793,1.0133850226266978
Clade1,29.5,1.00087008376804,1.0000016342354052,1.0109639386912455
Clade1,29.75,1.0009374318824333,1.000001860744673,1.011633919861799
Clade1,30,1.001305016022607,1.0000031393479398,1.0141508710454614
Clade1,30.25,1.0022261137580601,1.0000035576453397,1.017904421180911
Clade1,30.5,1.0039505303414846,1.000010744148652,1.0226981801976966
Clade1,30.75,1.0064720538767802,1.0000377767818618,1.0285276690984577
Clade1,31,1.0096485307496952,1.000160568434171,1.034857484334855
Clade1,31.25,1.0136389079670403,1.0007948258527426,1.0421471507374689
Clade1,31.5,1.018291520855597,1.0020678689799611,1.0505202408726027
Clade1,31.75,1.0237528146177652,1.0040280560072343,1.0594973551864593
Clade1,32,1.0301918623179347,1.0069615827169245,1.0694424087493066
Clade1,32.25,1.03744286801938,1.0105697469470087,1.080618963945406
Clade1,32.5,1.0457235189066552,1.015112421547851,1.0928315983574874
Clade1,32.75,1.0550303199558235,1.0205405011036937,1.1065703867243069
Clade1,33,1.0655274611195942,1.02668630463554,1.1217975342646112
Clade1,33.25,1.0771766194103705,1.033633957113437,1.1381345305115955
Clade1,33.5,1.0897428518394892,1.041930165255772,1.1567301523302382
Clade1,33.75,1.1036531852503875,1.0508504503313607,1.1752590112028596
Clade1,34,1.1191084705729892,1.0613008734288312,1.1959915739352076
Clade1,34.25,1.1361919039791708,1.0728740496858147,1.2185504646882284
Clade1,34.5,1.154537735176139,1.0859321101288197,1.2431077053887432
Clade1,34.75,1.174547490096968,1.1002242268334705,1.2701148805089721
Clade1,35,1.1963848327272362,1.1160093642005373,1.299655300794587
Clade1,35.25,1.2199372436758762,1.1334901540310458,1.3316612872804257
Clade1,35.5,1.2454878287535047,1.152637351677992,1.3654365215789408
Clade1,35.75,1.2731232287733207,1.1735524456807596,1.4013377841972265
Clade1,36,1.3030495939679492,1.1961711704493316,1.4393338606338053
Clade1,36.25,1.3349302511355545,1.2205396193106735,1.4805381795517354
Clade1,36.5,1.3698354396832029,1.2466786820888482,1.5245011343253503
Clade1,36.75,1.407189155661206,1.2762832505353636,1.5727785611929384
Clade1,37,1.447448863065752,1.3080571956018812,1.621687750170333
Clade1,37.25,1.4913357263220175,1.3402849927727551,1.6772402052539308
Clade1,37.5,1.536839907224692,1.3767391311277195,1.733819813680882
Clade1,37.75,1.586357837152288,1.416409244066902,1.795824431211659
Clade1,38,1.6391753287800794,1.459241238875193,1.8596423212095468
Clade1,38.25,1.6964689912816546,1.505788638995933,1.9299663710721897
Clade1,38.5,1.7574133373073317,1.5546203891599388,2.0056778744478145
Clade1,38.75,1.8228742353864735,1.6073289878255854,2.0843952864720547
Clade1,39,1.8927199543252406,1.6647303691372628,2.167537212853558
Clade1,39.25,1.9664392887205593,1.7248325092621242,2.2625280940611705
Clade1,39.5,2.0462445259005957,1.7875015820491507,2.3627362070294247
Clade1,39.75,2.1313204945066397,1.8551643887060476,2.464527771218216
Clade1,40,2.221785275606849,1.928600825110193,2.5790950410146882
Clade1,40.25,2.317186836794322,2.006940728280085,2.6963042633281313
Clade1,40.5,2.4188723612297283,2.0899081130003707,2.8241986871266396
Clade1,40.75,2.5272225160587274,2.180404895984567,2.9623844249980626
Clade1,41,2.6450905044796262,2.277004354471727,3.105888403410912
Clade1,41.25,2.7707845992770004,2.37504956530192,3.2599607367964474
Clade1,41.5,2.9052214683365847,2.4796511098781364,3.4263272391591766
Clade1,41.75,3.045918870798019,2.592308054832941,3.611633389609019
Clade1,42,3.1977789587711394,2.713218511728749,3.8175742128357033
Clade1,42.25,3.358418042798082,2.8341430003139694,4.0360234854057255
Clade1,42.5,3.5316244228981604,2.968836606716994,4.248608421767324
Clade1,42.75,3.7148000386590034,3.1081488672803577,4.493903974493634
Clade1,43,3.9096265220914406,3.2573267160929067,4.758061630186339
Clade1,43.25,4.11620502862046,3.4280149475253303,5.031381125730303
Clade1,43.5,4.33256930443909,3.5858533471272045,5.312484850027869
Clade1,43.75,4.560003401067172,3.7569087156264525,5.614704988529213
Clade1,44,4.805697292095893,3.937452834367698,5.949842680742416
Clade2,22,1.787182663524276,1.5479550440457075,2.0473494671709496
Clade2,22.25,1.7523405677070913,1.5246663870919672,2.000200814191015
Clade2,22.5,1.718881428244527,1.502855236720039,1.9550385100814758
Clade2,22.75,1.6867417403477836,1.479627516388574,1.9105829818351006
Clade2,23,1.6542956836759357,1.4569375484368552,1.8674912377257469
Clade2,23.25,1.623082216863709,1.4365695983461522,1.8278295539572842
Clade2,23.5,1.5927053668676514,1.4161588858319396,1.789241875269961
Clade2,23.75,1.5642039719551701,1.3952843967322592,1.7517959855181964
Clade2,24,1.5346735417822872,1.3739111303458587,1.715043865201604
Clade2,24.25,1.5065484248688756,1.3528866711153549,1.678743908039709
Clade2,24.5,1.4792660368536386,1.3331297046197006,1.6424771377138232
Clade2,24.75,1.4529412955244063,1.3142851616924949,1.6068547517798657
Clade2,25,1.4267422631572197,1.2951173309212334,1.5735398908917524
Clade2,25.25,1.401714790049029,1.2761191673291625,1.54070930704044
Clade2,25.5,1.3771513113457141,1.2581738281868473,1.5067628377238704
Clade2,25.75,1.353224475992597,1.242630083438173,1.4765698670249598
Clade2,26,1.3299745348681618,1.2260392889341687,1.4481616233995371
Clade2,26.25,1.307067678831344,1.2086477870693553,1.4196426665757569
Clade2,26.5,1.2849021692815406,1.192286657833451,1.3923104983261618
Clade2,26.75,1.2640836634936505,1.177427813708676,1.3655199306684769
Clade2,27,1.2429076668801555,1.16140730247617,1.339400191222312
Clade2,27.25,1.2231165783316995,1.1473823481165963,1.3147139032201904
Clade2,27.5,1.2040560505208868,1.133643646806346,1.2901671657750222
Clade2,27.75,1.186059522890555,1.119588922540491,1.26693761278541
Clade2,28,1.1682914247932072,1.1055211841905568,1.2436820358004568
Clade2,28.25,1.1506217489536967,1.0933076182314172,1.2229826695854218
Clade2,28.5,1.1343300596900954,1.0805107355492574,1.2028728365931822
Clade2,28.75,1.1189026534503208,1.0689851899166654,1.1832233071529208
Clade2,29,1.1042239501698483,1.0575566400801901,1.165730395833617
Clade2,29.25,1.0906205017049493,1.0468944560495415,1.1488946454901896
Clade2,29.5,1.0773299373046499,1.03761768787319,1.1321636912644686
Clade2,29.75,1.0652344372534595,1.029118404862877,1.1159923078627032
Clade2,30,1.0537547592719507,1.0214516858149116,1.1011479677864529
Clade2,30.25,1.0432819015008494,1.014833447967045,1.0871779938567914
Clade2,30.5,1.0337372482030385,1.0094133588120502,1.074296917962837
Clade2,30.75,1.0255870526681148,1.0052287576159096,1.0627178559080561
Clade2,31,1.0183557682814175,1.0021959381389103,1.0517166762957917
Clade2,31.25,1.0122339611699405,1.0004583993171101,1.041598072965054
Clade2,31.5,1.0072176678020985,1.0000408423934484,1.032230004743868
Clade2,31.75,1.0035083925140542,1.0000132842297424,1.023992102630475
Clade2,32,1.0016571175421876,1.0000037231343555,1.017027555134206
Clade2,32.25,1.0010333963679416,1.000001907060069,1.0122446101864802
Clade2,32.5,1.0012828088096266,1.0000063834647641,1.0143243623377405
Clade2,32.75,1.002742246100907,1.0000066097589846,1.0217651982073719
Clade2,33,1.0061323807479816,1.0000302341502272,1.0315397580078955
Clade2,33.25,1.0114773752186166,1.0001861127690055,1.0432209552467442
Clade2,33.5,1.0187050577127463,1.0010225055456408,1.0571120858680016
Clade2,33.75,1.027895592994673,1.003454871845403,1.0731091944720952
Clade2,34,1.0390533028920232,1.0076241839187199,1.0921098304844685
Clade2,34.25,1.0527108184416674,1.013651224324411,1.1133256524884585
Clade2,34.5,1.0687213269306968,1.021763039146948,1.1369429475293633
Clade2,34.75,1.0872196935580816,1.0321235285315147,1.1634477406543806
Clade2,35,1.1079335407773627,1.0446019106601603,1.1932309562871801
Clade2,35.25,1.1317984454160952,1.0593174475658658,1.226391664216587
Clade2,35.5,1.159215037444536,1.077151439119156,1.2627464451685624
Clade2,35.75,1.1892860998400785,1.0975682199855714,1.3038426873337556
Clade2,36,1.2229601251114777,1.1200644526860593,1.3496081196084777
Clade2,36.25,1.2610984530229907,1.1462408111809002,1.399836711550615
Clade2,36.5,1.3030691272915391,1.1755902729363075,1.4539084836099292
Clade2,36.75,1.3492863772263246,1.2109372568841277,1.5153995424880322
Clade2,37,1.4002075694912621,1.2508268435901306,1.5813296874854625
Clade2,37.25,1.4560228016624248,1.294665713050832,1.651754251670813
Clade2,37.5,1.5178711924227102,1.341139237224968,1.726636912046842
Clade2,37.75,1.5858778115546155,1.394758905851854,1.8097275873068241
Clade2,38,1.6595055591296843,1.4503515239289986,1.9027793037305116
Clade2,38.25,1.7408668783098074,1.510166286364906,2.0007714959514074
Clade2,38.5,1.8286876163734453,1.580697555018185,2.1090834277900377
Clade2,38.75,1.9240663852073228,1.6590659502385505,2.227572697450939
Clade2,39,2.0280217135064413,1.7442498467996654,2.358875193696081
Clade2,39.25,2.1425860800433565,1.8299609882192118,2.5003298742936884
Clade2,39.5,2.266431387805672,1.9299434227019119,2.6448848164100447
Clade2,39.75,2.3987113275686536,2.0399604178825754,2.8040247784555543
Clade2,40,2.5436768973183934,2.151343089211702,2.9870086069516755
Clade2,40.25,2.7001130869577943,2.2721012231363753,3.1934580892266635
Clade2,40.5,2.8709213574980925,2.403586246488839,3.411585598512296
Clade2,40.75,3.0573518117352174,2.548243465367408,3.655628966690001
Clade2,41,3.2559305996996386,2.696567425749218,3.9099502756003517
Clade2,41.25,3.468648406224145,2.8634255131909114,4.198969577432035
Clade2,41.5,3.7015606198844706,3.0473866831775887,4.502313516717429
Clade2,41.75,3.956314206603476,3.2439514122030575,4.844876451555635
Clade2,42,4.228606254643429,3.44726685527654,5.22172822177035
Clade2,42.25,4.523226094273158,3.6596348359917927,5.639864134913496
Clade2,42.5,4.846132541747748,3.893937661330254,6.105224567716179
Clade2,42.75,5.187326137815196,4.143918002970564,6.5659575339274365
Clade2,43,5.559066120206992,4.4118143218807315,7.079640586265237
Clade2,43.25,5.958496665652649,4.699829628186965,7.657217984403645
Clade2,43.5,6.39748081111563,5.006771702245614,8.284005095990917
Clade2,43.75,6.856962333263276,5.323359257659126,8.928466135747097
Clade2,44,7.347598246983956,5.644230351984099,9.659346892764749
Clade3,22,1.2819964296490975,1.1551612935222502,1.4330968733976863
Clade3,22.25,1.2686189381784434,1.1476210030432428,1.4126748735378705
Clade3,22.5,1.2551436484734388,1.1398501512799135,1.3937865870896466
Clade3,22.75,1.242211757685434,1.13145953425387,1.3746404115926363
Clade3,23,1.2295720866759896,1.1241101883904228,1.3551066244056036
Clade3,23.25,1.217063873088279,1.1166681577934736,1.336431215540471
Clade3,23.5,1.205069388396136,1.1100311470910578,1.318148468290107
Clade3,23.75,1.1929962864516233,1.1023742547187103,1.300459580865418
Clade3,24,1.1813918086305804,1.094803690736356,1.283351243708741
Clade3,24.25,1.1701280377067558,1.0877141262761665,1.2661651312660347
Clade3,24.5,1.1593114586127897,1.081573549743765,1.2495625576484293
Clade3,24.75,1.1485132182361886,1.0755815030898677,1.2337348545544442
Clade3,25,1.138408698944565,1.069516356098596,1.218228078623305
Clade3,25.25,1.1283474048866589,1.0640083036097372,1.2034443959494796
Clade3,25.5,1.1184596599014727,1.0584457183110163,1.1892008137021304
Clade3,25.75,1.1085809304835375,1.0527814069034904,1.1751730721326608
Clade3,26,1.0993090305335333,1.0473351844094172,1.1618505218651025
Clade3,26.25,1.0903523338068246,1.04178162477971,1.1489283433001227
Clade3,26.5,1.0818836966487368,1.0363010902771386,1.1367341367637742
Clade3,26.75,1.0737436693614297,1.0312905891420945,1.1254038990636634
Clade3,27,1.0658211714809822,1.0266814552203731,1.1136481141533134
Clade3,27.25,1.0582622211493395,1.0223648958014833,1.102909972991663
Clade3,27.5,1.0510642367306462,1.018420705845399,1.0927763825370522
Clade3,27.75,1.0443202551089596,1.0149140195868722,1.0833645742336553
Clade3,28,1.038020182137921,1.011543525565155,1.0740725533155824
Clade3,28.25,1.032002073458043,1.0088908944510673,1.0653510460907307
Clade3,28.5,1.0266241403722105,1.0063964603655733,1.0569647761406071
Clade3,28.75,1.0215712168845066,1.00420083536316,1.0493515542415688
Clade3,29,1.017011614387588,1.0024368405456552,1.0422191917552261
Clade3,29.25,1.013028815692214,1.0012188381552547,1.035669133085205
Clade3,29.5,1.0094574652013584,1.0005141014642176,1.0295360614194384
Clade3,29.75,1.0063795113236296,1.0001186761283827,1.0238581880271358
Clade3,30,1.0039651797987141,1.0000277542624665,1.0189069269222446
Clade3,30.25,1.0021807950020647,1.0000026624134934,1.0143904070894076
Clade3,30.5,1.0010945302660124,1.0000045442567698,1.0108335889915065
Clade3,30.75,1.0006846238772913,1.0000013452427023,1.0086716549037669
Clade3,31,1.0007076497253466,1.000000965086838,1.0089771359511523
Clade3,31.25,1.0011975915440612,1.0000022337941505,1.0118857412567084
Clade3,31.5,1.0023362106335227,1.0000059065093179,1.0167141873598395
Clade3,31.75,1.0045322580123457,1.0000227625160671,1.0224566853599826
Clade3,32,1.007600142397039,1.0001569611096954,1.0289935156899481
Clade3,32.25,1.0115167931591955,1.0008111173358494,1.0364507454633034
Clade3,32.5,1.0162937255318205,1.0022523890545896,1.0450067566001229
Clade3,32.75,1.0221491591800127,1.0044960995391872,1.0545935039054537
Clade3,33,1.0290888170731305,1.0075323184385618,1.0652980059597605
Clade3,33.25,1.0368490596363722,1.0114967420194145,1.0772368932507979
Clade3,33.5,1.0457235865124384,1.01645909436415,1.0903663594869253
Clade3,33.75,1.0557357297711767,1.0225291114173412,1.1053991051424674
Clade3,34,1.0670099547370886,1.0295670429333978,1.1219556652591263
Clade3,34.25,1.0795273057383143,1.0376887543943405,1.1400333234529103
Clade3,34.5,1.0935590112126956,1.0465080706216217,1.1597226376104954
Clade3,34.75,1.1088253463965052,1.0567749614888131,1.1809850077567723
Clade3,35,1.1258462496413646,1.0684310385680948,1.203500504750183
Clade3,35.25,1.144622670337715,1.0814518631090495,1.22771234237205
Clade3,35.5,1.1648612214281164,1.0957424812817793,1.254679830674439
Clade3,35.75,1.1866818210312355,1.1114628352999103,1.2831621749011601
Clade3,36,1.210537350791557,1.1289440849710264,1.3130491486665523
Clade3,36.25,1.2361164214854594,1.1478836180531289,1.3450079392120688
Clade3,36.5,1.2643222098626103,1.1679569204265736,1.3794128834135928
Clade3,36.75,1.2947750972133156,1.190269427841204,1.4177066616496485
Clade3,37,1.3280465733053148,1.2143580997760757,1.4588618835031937
Clade3,37.25,1.3626629385996343,1.2406611911877778,1.503107769630061
Clade3,37.5,1.4004490143315929,1.2703247246724865,1.5499194160405518
Clade3,37.75,1.440635686588947,1.3026844585318509,1.5998724017211505
Clade3,38,1.4847135946256595,1.3371405414120585,1.653921224677971
Clade3,38.25,1.5311233949896548,1.3752989107384794,1.7106652276972367
Clade3,38.5,1.5807875720798437,1.415213340828322,1.7698263928614066
Clade3,38.75,1.6342012350946251,1.4568648371327622,1.8385051639891712
Clade3,39,1.6911731147879547,1.5019650441848618,1.908836414598879
Clade3,39.25,1.753440809275165,1.5501085747555947,1.9817208334623184
Clade3,39.5,1.8177813464982178,1.603799147263699,2.0610628514997336
Clade3,39.75,1.8874783369755195,1.6623676981709778,2.141632417043036
Clade3,40,1.9603484480849935,1.7234744542757894,2.2307644045456323
Clade3,40.25,2.0382449503172895,1.7885251746713142,2.3274839878107954
Clade3,40.5,2.121400973938127,1.85731278689135,2.427818788982372
Clade3,40.75,2.210972646220222,1.9297068873723977,2.5402152051820686
Clade3,41,2.30482141133688,2.0075853169738966,2.664234269803245
Clade3,41.25,2.4070726601192067,2.0909623601711638,2.786740237982101
Clade3,41.5,2.5132707042565365,2.181097017477187,2.9187102830427065
Clade3,41.75,2.6285843263971387,2.273016729236761,3.0596167671270567
Clade3,42,2.752177867100305,2.375496969282271,3.207269809575493
Clade3,42.25,2.880748099590429,2.4785305433546228,3.3656698793893325
Clade3,42.5,3.0141444059679605,2.5865757194341064,3.5367576388431265
Clade3,42.75,3.158886216710936,2.7059491254288823,3.7202047485182987
Clade3,43,3.3155211639614173,2.827347426026468,3.9177848773233164
Clade3,43.25,3.479540176601284,2.959043121146263,4.132793917528433
Clade3,43.5,3.657251382922392,3.095704219103562,4.355869366185301
Clade3,43.75,3.8397909290922807,3.254751292156376,4.582610495744869
Clade3,44,4.032887135417154,3.406811743742922,4.825415822838691
Clade4,22,1.3368200702764579,1.201312320281191,1.5025530613948677
Clade4,22.25,1.3205356192396245,1.1926183116961115,1.479554873085417
Clade4,22.5,1.3049698596155201,1.1833987788225153,1.456997341099823
Clade4,22.75,1.2901825978034598,1.1733914389917768,1.4349731014988865
Clade4,23,1.2751974443495784,1.1635002671658738,1.4138666336681178
Clade4,23.25,1.2602364567603526,1.1536942609967682,1.393998246526178
Clade4,23.5,1.2461959535171556,1.14471530384147,1.3737625799842408
Clade4,23.75,1.2322811049371043,1.136091002088117,1.35536599612561
Clade4,24,1.2190414965583551,1.1279717799181141,1.3352239407533166
Clade4,24.25,1.205501255100284,1.1199872426804842,1.3156699625806436
Clade4,24.5,1.1925064668262513,1.1114043063124548,1.296347094646162
Clade4,24.75,1.1797565306238584,1.1028596767817933,1.2778999161669558
Clade4,25,1.166906303685059,1.0947578151323327,1.2613383373737301
Clade4,25.25,1.1549895240737849,1.086873140086201,1.2453631937420473
Clade4,25.5,1.1437589953309146,1.0791894414956849,1.22982670731613
Clade4,25.75,1.1328461072760203,1.0717370205243473,1.2141418743009913
Clade4,26,1.1222057793086322,1.064680851498613,1.1983040704261962
Clade4,26.25,1.1114961378384693,1.0575704986213768,1.1840071446943101
Clade4,26.5,1.1012761976181529,1.0507033316565721,1.1694234638105445
Clade4,26.75,1.0916913137234745,1.0443237758619952,1.1558022331771594
Clade4,27,1.0824324687488358,1.0381946532150337,1.1436995433200559
Clade4,27.25,1.073936092937891,1.032915735786712,1.1309002631188891
Clade4,27.5,1.0654961054756713,1.0278121080319158,1.118534062996042
Clade4,27.75,1.057692636519203,1.0231325698019724,1.1067196263277483
Clade4,28,1.0500268195009914,1.0187732114706152,1.0968247262719153
Clade4,28.25,1.0429753852378325,1.014644038641356,1.0867295736712634
Clade4,28.5,1.0365630461691882,1.0109258276563775,1.0761612259271258
Clade4,28.75,1.0303712376298204,1.0075654269643648,1.066928479544168
Clade4,29,1.0248250592733825,1.0048728309097552,1.0585284845129794
Clade4,29.25,1.0198449385392538,1.002867617883265,1.0505152994121492
Clade4,29.5,1.0153553707741776,1.0013790884681701,1.0429735629118986
Clade4,29.75,1.011293101319816,1.0004262746555503,1.0366359425148453
Clade4,30,1.00786044109162,1.0000760455010296,1.0306301728782317
Clade4,30.25,1.005059431376493,1.0000365398727364,1.0247493622421473
Clade4,30.5,1.0028713568381198,1.0000102906842252,1.019591573628418
Clade4,30.75,1.0015958834428553,1.0000050935468017,1.0149429119006284
Clade4,31,1.0009287534345392,1.0000026492902951,1.0110174574392143
Clade4,31.25,1.0007462118312427,1.0000024149433333,1.0093158819645118
Clade4,31.5,1.0010123661505341,1.0000025173773839,1.011744718689631
Clade4,31.75,1.001855773101131,1.000005394658385,1.016470422632065
Clade4,32,1.0035750397527168,1.0000138702871815,1.0222018909327055
Clade4,32.25,1.0062904720332164,1.0000431942778567,1.028716204724267
Clade4,32.5,1.0098030049057345,1.0002131304263444,1.0358895972585063
Clade4,32.75,1.0141261209332026,1.001075691651507,1.0442325600938742
Clade4,33,1.019335094099957,1.0028168797464918,1.0536056635686963
Clade4,33.25,1.0256544190438595,1.0053878195763686,1.063867549558966
Clade4,33.5,1.0329283620379082,1.0087415898315366,1.0753888571187313
Clade4,33.75,1.0412381172192782,1.0131505019762406,1.0880888469064776
Clade4,34,1.0506257745599814,1.018231043729255,1.1022399729123489
Clade4,34.25,1.0611240067793573,1.0242109537989343,1.1179095318508487
Clade4,34.5,1.0728626332665134,1.031419185083204,1.1345591015254768
Clade4,34.75,1.0856356174282296,1.0397771408412493,1.1528315882479774
Clade4,35,1.0999152506755911,1.0492940043509504,1.1724805311377082
Clade4,35.25,1.115440950525065,1.0596559766270706,1.1932917076470568
Clade4,35.5,1.1328174325288907,1.0712874429285608,1.2159215405232828
Clade4,35.75,1.1513776574699235,1.0844246528299575,1.2407169796294424
Clade4,36,1.1714648571776483,1.0991591194702353,1.2672645087594026
Clade4,36.25,1.1933091167469998,1.1150398243103712,1.2952209930753458
Clade4,36.5,1.2170792312456644,1.1326763721673327,1.324821499046732
Clade4,36.75,1.2422070687901114,1.1518734708063727,1.3560199624684492
Clade4,37,1.2690761401336617,1.1724627944517616,1.3900623689094558
Clade4,37.25,1.298310309174108,1.1939943066361478,1.4265575843208413
Clade4,37.5,1.3296212977388522,1.218588078248256,1.465013497659472
Clade4,37.75,1.3632405044048255,1.2442127011612607,1.504647578943813
Clade4,38,1.3990105347391082,1.27196533898341,1.5494934520336088
Clade4,38.25,1.4369774732937355,1.3033728892862717,1.5931876781074878
Clade4,38.5,1.4775127964926544,1.3364557673765902,1.6432947506073279
Clade4,38.75,1.5201168716872744,1.371975545988686,1.693467165825608
Clade4,39,1.5655307077989944,1.409697471409143,1.7460612826320352
Clade4,39.25,1.61469498468395,1.449438581352375,1.8054156892796243
Clade4,39.5,1.665870615936027,1.4915156484927639,1.871216999154681
Clade4,39.75,1.720242483920169,1.5369058758548755,1.9413712268103436
Clade4,40,1.7790581822824314,1.5846777749919543,2.011447229575975
Clade4,40.25,1.8404223503042587,1.6363701260099572,2.090281946062128
Clade4,40.5,1.9051478042070427,1.6868919771897501,2.1720685494407146
Clade4,40.75,1.9740240204445634,1.7425731771213373,2.260061741652045
Clade4,41,2.048263909185345,1.8008841292938753,2.3543796909196453
Clade4,41.25,2.12691837984707,1.8627218066113542,2.453446880548999
Clade4,41.5,2.2100661217394952,1.9302086539809244,2.552744345660531
Clade4,41.75,2.296542772125138,2.0005312084757074,2.6597530253940427
Clade4,42,2.391931822429588,2.0712714525335167,2.7758782074734256
Clade4,42.25,2.4890995072382767,2.1494901293227286,2.8950445517835206
Clade4,42.5,2.5915767989393403,2.2318640215378704,3.0231885111131573
Clade4,42.75,2.7002490227795404,2.318114237738524,3.1591470693468304
Clade4,43,2.815012473486914,2.404959119442522,3.306448166951937
Clade4,43.25,2.9387816786310035,2.5006959576214394,3.459576605365709
Clade4,43.5,3.068355743511834,2.602245581876385,3.624358022065991
Clade4,43.75,3.203590154694181,2.7070681781256187,3.8071698676801073
Clade4,44,3.348198755513242,2.8150633488973282,3.994579594915282
para,22,1.2136091739498458,1.0843322353716158,1.3857587212705278
para,22.25,1.2026014941465197,1.0801067716046826,1.3685871615128387
para,22.5,1.1922581772619676,1.0759246507263351,1.3511362842365828
para,22.75,1.1820032678653463,1.0715607858755818,1.3322740502329045
para,23,1.1719463687765699,1.0671813199256184,1.3146161211371994
para,23.25,1.1616440333089875,1.0625944885889456,1.296958623429029
para,23.5,1.1517529068747985,1.0576158084446181,1.2810278382275704
para,23.75,1.1423518598621274,1.0534268548590224,1.2639999051192041
para,24,1.1331980450480477,1.0492972284623079,1.2481921928875868
para,24.25,1.1240818932859893,1.0452295293619298,1.2329324493065636
para,24.5,1.115336023322247,1.041353154338681,1.2185335895801308
para,24.75,1.1065878641970377,1.0371257518192043,1.2037387010339844
para,25,1.0978895538647073,1.0327450146869912,1.1894169498860725
para,25.25,1.0896590478075199,1.0293607901433326,1.175036717426797
para,25.5,1.0814359142752323,1.0262535337412066,1.1611895841386353
para,25.75,1.0737574141888684,1.0230903633663455,1.1483615077355638
para,26,1.0661329043206111,1.0198312796428022,1.136106752311461
para,26.25,1.0586781912661198,1.0167441359306906,1.1240076055122823
para,26.5,1.0518983117762055,1.0136216725525626,1.1128510796089417
para,26.75,1.0455248881332562,1.0105866472244485,1.1018122733409017
para,27,1.0389643552574244,1.0078089038551419,1.09209615507196
para,27.25,1.0331919010225583,1.0055807681507618,1.0816773343922073
para,27.5,1.0278196345545265,1.0037074591171704,1.0720857000472308
para,27.75,1.0226701991741187,1.0021958281089036,1.0627603120347922
para,28,1.017890439258449,1.0010083418006297,1.054260379614512
para,28.25,1.0136492170490468,1.0003378004191603,1.0464122728079066
para,28.5,1.0099461276302488,1.0001118374750055,1.0393756170008595
para,28.75,1.0067703036677207,1.0000430034078198,1.032467415972769
para,29,1.0042336648011863,1.0000146662470006,1.0260771020129003
para,29.25,1.0024501658075846,1.0000061840803491,1.020915098745735
para,29.5,1.0015264744859738,1.0000040414654783,1.0163857147549766
para,29.75,1.001238371897649,1.0000021580212912,1.0134698858718993
para,30,1.001237461505831,1.0000016544980816,1.0151612194492605
para,30.25,1.0017981883325637,1.0000030008049325,1.0207683658346185
para,30.5,1.0033629921594036,1.000008739323254,1.0272311175439606
para,30.75,1.0061985298868756,1.0000294693811012,1.0355195175418217
para,31,1.0102095085935756,1.0001283978729516,1.0441952960216996
para,31.25,1.0154124642574218,1.0004518868744983,1.0555972244168215
para,31.5,1.0219625207706167,1.001875417495364,1.068825986746007
para,31.75,1.0296490986322167,1.004422092282249,1.0831908076202095
para,32,1.0389311041452913,1.00828593803574,1.0991829230803587
para,32.25,1.0496325158313147,1.0131118210572336,1.1176745083950141
para,32.5,1.062119022523425,1.019797977604156,1.1375322472418583
para,32.75,1.0765967540353831,1.027956686139352,1.160634402966016
para,33,1.093280796775768,1.0367811749567115,1.1851980901556718
para,33.25,1.1121119820016736,1.0478406518647059,1.2126982659757175
para,33.5,1.1331468755019491,1.0604029746489831,1.2426798820777092
para,33.75,1.1568236935087661,1.0750871870486938,1.2771245509340194
para,34,1.1838251855185602,1.0924296225151258,1.3150655910136084
para,34.25,1.2144966496911747,1.1118717427064788,1.3567653198012442
para,34.5,1.247477202804519,1.1338604379941484,1.401937833772727
para,34.75,1.285188175054471,1.1592062186587722,1.44910164242664
para,35,1.3268022481976043,1.1883909890444686,1.5058812377160464
para,35.25,1.3726986937366101,1.2211097481788686,1.5715737533933358
para,35.5,1.4236953564013701,1.2577876206684047,1.6365497030494796
para,35.75,1.4781183175548878,1.2982411048756384,1.7136373443289963
para,36,1.5389009367770927,1.34166736124368,1.7894116365194013
para,36.25,1.6063034454929792,1.3917195179020783,1.8713556325324272
para,36.5,1.6832487868235952,1.4456724802448935,1.9707505064397421
para,36.75,1.7648239994828923,1.5063136578882153,2.077685943135206
para,37,1.8543597621972623,1.5776931068756248,2.19076624349049
para,37.25,1.9525043538078966,1.656515954382222,2.3161287295992006
para,37.5,2.059965425533091,1.7372717552704209,2.4527705335906544
para,37.75,2.1761238802162426,1.8289897232886825,2.6122262857917993
para,38,2.308151242093017,1.9276310875520932,2.7811442331801395
para,38.25,2.449131194521016,2.0353149353044815,2.9678029626535882
para,38.5,2.609133554666215,2.1475038306236884,3.1751187487606414
para,38.75,2.779206184767044,2.2677904000590896,3.406901754339251
para,39,2.9655803785023807,2.404900743625242,3.6575726316434753
para,39.25,3.1670290416118876,2.553322144370103,3.9362549742017503
para,39.5,3.3900257816799595,2.724823346281382,4.231577332071074
para,39.75,3.632762360506174,2.908032044218829,4.558256714645697
para,40,3.896428411040901,3.091131015782824,4.94556429065085
para,40.25,4.18113350529274,3.292741792004891,5.373765054604062
para,40.5,4.4852515850980215,3.514735815789943,5.842046948326631
para,40.75,4.823313327139994,3.7609003430225934,6.3411397815001145
para,41,5.189795080209666,3.9844452155871037,6.931080533054721
para,41.25,5.588510713546964,4.25191372735366,7.542166091832444
para,41.5,6.030524213821083,4.518239707008042,8.225754251799025
para,41.75,6.503662203326589,4.784283622302284,9.001198217459736
para,42,7.019797481317216,5.105558102221647,9.857666836346265
para,42.25,7.5995589064504845,5.433665589560231,10.812079881006564
para,42.5,8.212520079246348,5.831829039586562,11.903962323944398
para,42.75,8.883538162702443,6.248071872017128,13.085195407904477
para,43,9.60963697232173,6.681147295513652,14.424655044875177
para,43.25,10.401723731367419,7.160372596274112,15.838546912779474
para,43.5,11.288554438672088,7.6808238308062045,17.45570647742302
para,43.75,12.22774996341495,8.176102928168412,19.22392487615062
para,44,13.248257493764884,8.71811149352527,21.186571745088926
